day,month,year,siteID,species,project,habitat,plotNR,DURIN_plot,ageClass,DroughtTrt,DroughNet_plotID,plant_height,photoID_N,photoID_W,photo_comment,# branches>5mm,# broken_branches>5mm,# broken_branches<5mm,length_longest_branch_cm,number_segments,fruits or flowers,reproductive stem,#_branches_s1,#_branches_s2,alive_leaf_count_s1_y1_b1,dead_leaf_count_s1_y1_b1,fruits_s1_y1_b1,comment_reproductive_stem,alive_leaf_count_s2_b1,dead_leaf_count_s2_b1,fruits_s2_y2_b1,alive_leaf_count_s2_y1_b1,dead_leaf_count_s2_y1_b1,fruits_s2_y1_b1,alive_leaf_count_s2_y1_b2,dead_leaf_count_s2_y1_b2,fruits_s2_y1_b2,alive_leaf_count_s2_y1_b3,dead_leaf_count_s2_y1_b3,fruits_s2_y1_b3,alive_leaf_count_s2_y1_b4,dead_leaf_count_s2_y1_b4,fruits_s2_y1_b4,alive_leaf_count_s1_b2,dead_leaf_count_s1_b2,fruits_s1_y1_b2,alive_leaf_count_s2_b2,dead_leaf_count_s2_b2,alive_leaf_count_s2_y2_b1,dead_leaf_count_s2_y2_b1,leaf_scar_s1_y1_b1,leaf_scar_s2_y2_b1,leaf_scar_s2_y1_b1,leaf_scar_s2_y1_b2,leaf_scar_s2_y1_b3,leaf_scar_s2_y1_b4,leaf_scar_s1_b2,leaf_scar_b2_s2,branch_length_s1_y1_b1,branch_length_s2_y2_b1,branch_length_s1_b2,branch_length_s2_b2,branch_length_s2_y2_b1,branch_length_s2_y1_b1,branch_length_s2_y1_b2,branch_length_s2_y1_b3,branch_length_s2_y1_b4,Comment_smaller_branches,leaf_mass_s1_y1_b1,stem_mass_s1_y1_b1,fruit_s1_y1_b1,leaf_mass_s1_y1_b2,stem_mass_s1_y1_b2,detached_leaf_y1,s1_reproductive_part,leaf_mass_s2_y1_side_branches,stem_mass_s2_y1_side_branches,leaf_s2_y1_sb1,stem_s2_y1_sb1,fruit_s2_y1_b1,leaf_mass_s2_y2_b1,stem_mass_s2_y2_b1,dead_leaves_s2_y2_b1,s2_reproductive_part,s2_flowers,flower_mass,fruit_mass,reproductive_part_mass,Chopping technician,time spent on chopping,weighing date,Mass technician,weighing time,balance,REMAINING BRANCH PROCESSING >>>>>,Comment,#_branches_s1_remain,#_branches_s2_remain,#_branches_s3_remain,#_branches_s4_remain,#_branches_s5_remain,#_branches_s6_remain,#_broken_branches_remain,roots_remain,alive_leaf_count_s1_y1_total_remain,dead_leaf_count_s1_y1_total_remain,fruits_s1_y1_total_remain,alive_leaf_count_s2_total_remain,dead_leaf_count_s2_total_remain,fruits_s2_y2_total_remain,reproductive structure,alive_leaf_count_s2_y1_total_remain,dead_leaf_count_s2_y1_total_remain,fruits_s2_y1_total_remain,alive_leaf_count_s3_y3_total_remain,dead_leaf_count_s3_y3_total_remain,alive_leaf_count_s4_y4_total_remain,dead_leaf_count_s4_y4_total_remain,alive_leaf_count_s5_y5_total_remain,lost_leaves,leaf_scar_s1_y1_total_remain,leaf_scar_s2_y2_total_remain,leaf_scar_s2_y1_total_remain,leaf_scar_s3_y3_total_remain,leaf_scar_s4_y4_total_remain,leaf_scar_s5_y5_total_remain,leaf_scar_s6_y6_total_remain,branch_length_s1_y1_total_remain,branch_length_s2_y2_total_remain,branch_length_s2_y1_total_remain,branch_length_s3_y3_total_remain,branch_length_s4_y4_total_remain,branch_length_s5_y5_total_remain,branch_length_s6_y6_total_remain,Comment_smaller_branches_remain,leaf_mass_s1_y1_total_remain,stem_mass_s1_y1_total_remain,leaf_mass_s2_y2_total_remain,stem_mass_s2_y2_total_remain,s2_y2_b1_reproductive_structure,leaf_mass_s2_y1_total_remain,stem_mass_s2_y1_total_remain,leaf_mass_s3_y3_total_remain,stem_mass_s3_y3_total_remain,s3_reproductive_structure,leaf_mass_s4_y4_total_remain,stem_mass_s4_y4_total_remain,stem_mass_s5_y5_total_remain,stem_mass_s6_y6_total_remain,rooted_part_mass,remain_stem_mass,dead_stem,broken_stems,lost_leaf_mass,dead_leaves,remainin_ fruit,Chopping technician,time spent on chopping,weighing date,Mass technician,weighing time,Which balance
27,June,2023,Sogndal,Calluna vulgaris,Field - Biomass,Forested,3,SO_F_CV_3,,,,20.5,,,,,,,,,,,,,,,,,,,,,,,,,,,,,,,,,,,,,,,,,,,,,,,,,,,,,,,,,,,,,,,,,,,,,,,,,,,,,,,,,,,,,,,,,,,,,,,,,,,,,,,,,,,,,,,,,,,,,,,,,,,,,,,,,,,,,,,,,,,,,,,,,,,,,,
27,June,2023,Sogndal,Vaccinium vitis-idaea,Field - Biomass,Forested,2,SO_F_VV_2,,,,28.9,x,x,,2,1,0,29.2,5,absent,,0,0,12,0,0,,12,1,0,0,0,0,0,0,0,0,0,0,0,0,0,0,0,0,0,0,0,0,13,15,0,0,0,0,0,0,29,65,0,0,0,0,0,0,0,no,0.12046,0.01118,0,,,,,0,0,0,0,0,0.21744,0.05851,0,0,,0,0,0,Elodie MANZANO,40',30/05/2024,Elodie MANZANO,10',precise,,"Only 1 branch on the entire sample, chopped for main branch, there are 1 lost leaf in the newspaper, taken for Lost leaves, a broken branch attached to S5 was added to S4 even though it seems dead for a long time",0,0,1,2,1,,0,yes,0,0,0,0,0,0,,0,0,0,2,,0,,0,1,0,0,0,26,11,0,,0,0,0,87,95,23,,no,0,0,0,0,,0,0,0.01829,0.13896,,0,0.15586,0.05231,0,0.10207,0,,,0.00878,,0,Elodie MANZANO,,28/05/2024,Elodie MANZANO,15',precise
27,June,2023,Sogndal,Calluna vulgaris,Field - Biomass,Forested,4,SO_F_CV_4,,,,23.0,x,x,,,,,,,,,,,,,,,,,,,,,,,,,,,,,,,,,,,,,,,,,,,,,,,,,,,,,,,,,,,,,,,,,,,,,,,,,,,,,,,,,,,,,,,,,,,,,,,,,,,,,,,,,,,,,,,,,,,,,,,,,,,,,,,,,,,,,,,,,,,,,,,,,,,,
27,June,2023,Sogndal,Empetrum nigrum,Field - Biomass,Forested,1,SO_F_EN_1,,,,24.6,x,x,,,,,,,,,,,,,,,,,,,,,,,,,,,,,,,,,,,,,,,,,,,,,,,,,,,,,,,,,,,,,,,,,,,,,,,,,,,,,,,,,,,,,,,,,,,,,,,,,,,,,,,,,,,,,,,,,,,,,,,,,,,,,,,,,,,,,,,,,,,,,,,,,,,,
27,June,2023,Sogndal,Calluna vulgaris,Field - Biomass,Forested,5,SO_F_CV_5,,,,14.2,x,x,,,,,,,,,,,,,,,,,,,,,,,,,,,,,,,,,,,,,,,,,,,,,,,,,,,,,,,,,,,,,,,,,,,,,,,,,,,,,,,,,,,,,,,,,,,,,,,,,,,,,,,,,,,,,,,,,,,,,,,,,,,,,,,,,,,,,,,,,,,,,,,,,,,,
27,June,2023,Sogndal,Vaccinium vitis-idaea,Field - Biomass,Forested,3,SO_F_VV_3,,,,16.5,x,x,,2,1,0,17,3,absent,,0,1,12,0,0,,13,0,0,11,0,0,0,0,0,0,0,0,0,0,0,0,0,0,0,0,0,0,18,14,14,0,0,0,0,0,43,53,0,0,0,28,0,0,0,no,0.12774,0.01636,0,,,,0,0.05464,0.00838,0,0,0,0.24788,0.0483,0,0,0,0,0,0,Elodie MANZANO,1h20,31/05/2024,Elodie MANZANO,10',precise,,"Only 1 branch on the entire sample, chopped for main branch, there are 2 lost leaves in the newspaper, taken for Lost leaves, no S4",0,0,1,0,0,,0,yes,0,0,0,0,0,0,,0,0,0,1,,0,,0,2,0,0,0,21,0,0,,0,0,0,0,0,0,,no,0,0,0,0,0,0,0,0.02832,0.11969,,0,0,0,0,0.05656,0,,,0.03929,,0,Elodie MANZANO,,28/05/2024,Elodie MANZANO,15',precise
27,June,2023,Sogndal,Empetrum nigrum,Field - Biomass,Forested,5,SO_F_EN_5,,,,31.6,x,x,,,,,,,,,,,,,,,,,,,,,,,,,,,,,,,,,,,,,,,,,,,,,,,,,,,,,,,,,,,,,,,,,,,,,,,,,,,,,,,,,,,,,,,,,,,,,,,,,,,,,,,,,,,,,,,,,,,,,,,,,,,,,,,,,,,,,,,,,,,,,,,,,,,,
27,June,2023,Sogndal,Vaccinium vitis-idaea,Field - Biomass,Forested,1,SO_F_VV_1,,,,19.2,x,x,,7,3,0,24.8,4,absent,,0,0,13,0,0,,3,0,0,0,0,0,0,0,0,0,0,0,0,0,0,0,0,0,0,0,0,0,15,14,0,0,0,0,0,0,55,95,0,0,0,0,0,0,0,no,0.07268,0.01334,0,,,,0,0,0,0,0,0,0.03976,0.05802,0,0,0,0,0,0,Elodie MANZANO,40',31/05/2024,Elodie MANZANO,10',precise,,"1 leaf lost before processing, s5 is the fisrt segment, too woody at its base to count the total number of leaf scars, broken branch attached to S5 added to S4",5,4,3,2,1,,1,no,16,0,0,4,0,0,,0,0,0,3,,0,,0,1,54,42,0,30,17,8,,142,143,0,138,107,102,,no,0.08355,0.04117,0.03049,0.06116,0,0,0,0.01042,0.09002,,0,0.12245,0.19041,0,0,0,,,0.00137,,0,Elodie MANZANO,,28/05/2024,Elodie MANZANO,20',precise
27,June,2023,Sogndal,Vaccinium vitis-idaea,Field - Biomass,Forested,5,SO_F_VV_5,,,,20.0,x,x,,5,2,2,17.8,4,absent,,0,0,14,0,0,,12,0,0,0,0,0,0,0,0,0,0,0,0,0,0,0,0,0,0,0,0,0,16,16,0,0,0,0,0,0,40,82,0,0,0,0,0,0,0,no,0.17236,0.01791,0,,,,,0,0,0,0,0,0.19551,0.08305,0,0,,0,0,0,Elodie MANZANO,30',30/05/2024,Elodie MANZANO,10',precise,,"1 broken branch with a leaf, supposed to be a S2 stem due to how it is attached and how near stems are attached (cf foto)",2,3,4,1,1,,2,no,9,0,0,10,0,0,,0,0,0,2,,0,,0,0,15,30,0,36,10,7,,20,93,0,115,48,22,,no,0.01559,0.00323,0.05413,0.03415,0,0,0,0.01344,0.0969,,0,0.03475,0.03927,0,0,0,,,0,,0,Elodie MANZANO,,28/05/2024,Elodie MANZANO,20',precise
27,June,2023,Sogndal,Calluna vulgaris,Field - Biomass,Forested,1,SO_F_CV_1,,,,15.6,x,x,longest branch was detatched,,,,,,,,,,,,,,,,,,,,,,,,,,,,,,,,,,,,,,,,,,,,,,,,,,,,,,,,,,,,,,,,,,,,,,,,,,,,,,,,,,,,,,,,,,,,,,,,,,,,,,,,,,,,,,,,,,,,,,,,,,,,,,,,,,,,,,,,,,,,,,,,,,,
27,June,2023,Sogndal,Empetrum nigrum,Field - Biomass,Forested,4,SO_F_EN_4,,,,16.2,x,x,roots,,,,,,,,,,,,,,,,,,,,,,,,,,,,,,,,,,,,,,,,,,,,,,,,,,,,,,,,,,,,,,,,,,,,,,,,,,,,,,,,,,,,,,,,,,,,,,,,,,,,,,,,,,,,,,,,,,,,,,,,,,,,,,,,,,,,,,,,,,,,,,,,,,,
27,June,2023,Sogndal,Calluna vulgaris,Field - Biomass,Open,5,SO_O_CV_5,,,,21.4,x,x,,,,,,,,,,,,,,,,,,,,,,,,,,,,,,,,,,,,,,,,,,,,,,,,,,,,,,,,,,,,,,,,,,,,,,,,,,,,,,,,,,,,,,,,,,,,,,,,,,,,,,,,,,,,,,,,,,,,,,,,,,,,,,,,,,,,,,,,,,,,,,,,,,,,
27,June,2023,Sogndal,Calluna vulgaris,Field - Biomass,Forested,3,SO_F_CV_3,,,,20.5,x,x,,,,,,,,,,,,,,,,,,,,,,,,,,,,,,,,,,,,,,,,,,,,,,,,,,,,,,,,,,,,,,,,,,,,,,,,,,,,,,,,,,,,,,,,,,,,,,,,,,,,,,,,,,,,,,,,,,,,,,,,,,,,,,,,,,,,,,,,,,,,,,,,,,,,
27,June,2023,Sogndal,Empetrum nigrum,Field - Biomass,Forested,2,SO_F_EN_2,,,,28.2,x,,"roots, NO WHITE PHOTO",,,,,,,,,,,,,,,,,,,,,,,,,,,,,,,,,,,,,,,,,,,,,,,,,,,,,,,,,,,,,,,,,,,,,,,,,,,,,,,,,,,,,,,,,,,,,,,,,,,,,,,,,,,,,,,,,,,,,,,,,,,,,,,,,,,,,,,,,,,,,,,,,,,
27,June,2023,Sogndal,Calluna vulgaris,Field - Biomass,Forested,2,SO_O_CV_2,,,,24.0,x,x,habitat and plotID don't match,,,,,,,,,,,,,,,,,,,,,,,,,,,,,,,,,,,,,,,,,,,,,,,,,,,,,,,,,,,,,,,,,,,,,,,,,,,,,,,,,,,,,,,,,,,,,,,,,,,,,,,,,,,,,,,,,,,,,,,,,,,,,,,,,,,,,,,,,,,,,,,,,,,
27,June,2023,Sogndal,Empetrum nigrum,Field - Biomass,Forested,3,SO_F_EN_3,,,,34.0,x,x,,,,,,,,,,,,,,,,,,,,,,,,,,,,,,,,,,,,,,,,,,,,,,,,,,,,,,,,,,,,,,,,,,,,,,,,,,,,,,,,,,,,,,,,,,,,,,,,,,,,,,,,,,,,,,,,,,,,,,,,,,,,,,,,,,,,,,,,,,,,,,,,,,,,
27,June,2023,Sogndal,Calluna vulgaris,Field - Biomass,Open,3,SO_O_CV_3,,,,21.1,x,,,,,,,,,,,,,,,,,,,,,,,,,,,,,,,,,,,,,,,,,,,,,,,,,,,,,,,,,,,,,,,,,,,,,,,,,,,,,,,,,,,,,,,,,,,,,,,,,,,,,,,,,,,,,,,,,,,,,,,,,,,,,,,,,,,,,,,,,,,,,,,,,,,,,
27,June,2023,Sogndal,Vaccinium vitis-idaea,Field - Biomass,Forested,4,SO_F_VV_4,,,,19.6,x,k,,2,0,0,16.4,3,present,,0,0,13,0,0,,13,0,0,0,0,0,0,0,0,0,0,0,,,,0,0,,0,0,0,0,17,17,0,0,0,,0,0,0,0,0,0,0,0,0,0,,,0.16663,0.02648,0,,,,,0,0,0,0,0,0.16374,0.09135,0,0,,0,0,0,,,30/05/2024,Elodie MANZANO,10',precise,,"1 leaf lost during processing, knowing where it was from (+ 1 cut from the suggested S2 to have a better insight of the plant), no S1 segment due to reproductive structure on S2",0,1,1,1,0,,0,no,0,0,0,9,0,0,yes,0,0,0,10,,2,,0,0,0,13,0,17,18,8,,0,34,0,50,42,25,,no,0,0,0.15583,0.01892,0.01553,0,0,0.19096,0.03755,,0.00985,0.03759,0.03923,0,0,0,,,0,,0,Elodie MANZANO,,28/05/2024,Elodie MANZANO,20',precise
27,June,2023,Sogndal,Empetrum nigrum,Field - Biomass,Open,3,SO_O_EN_3,,,,25.2,x,k,,,,,,,,,,,,,,,,,,,,,,,,,,,,,,,,,,,,,,,,,,,,,,,,,,,,,,,,,,,,,,,,,,,,,,,,,,,,,,,,,,,,,,,,,,,,,,,,,,,,,,,,,,,,,,,,,,,,,,,,,,,,,,,,,,,,,,,,,,,,,,,,,,,,
27,June,2023,Sogndal,Empetrum nigrum,Field - Biomass,Open,2,SO_O_EN_2,,,,23.2,x,k,"unsure if height is 23.2 or 26.2, NO PHOTO IN THE FOLDER",,,,,,,,,,,,,,,,,,,,,,,,,,,,,,,,,,,,,,,,,,,,,,,,,,,,,,,,,,,,,,,,,,,,,,,,,,,,,,,,,,,,,,,,,,,,,,,,,,,,,,,,,,,,,,,,,,,,,,,,,,,,,,,,,,,,,,,,,,,,,,,,,,,
27,June,2023,Sogndal,Empetrum nigrum,Field - Biomass,Open,1,SO_O_EN_1,,,,17.0,x,k,NO PHOTO IN THE FOLDER,,,,,,,,,,,,,,,,,,,,,,,,,,,,,,,,,,,,,,,,,,,,,,,,,, ,,,,,,,,,,,,,,,,,,,,,,,,,,,,,,,,,,,,,,,,,,,,,,,,,,,,,,,,,,,,,,,,,,,,,,,,,,,,,,,,,,,,,,,,,,,,,,,,,
27,June,2023,Sogndal,Calluna vulgaris,Field - Biomass,Open,2,SO_O_CV_2,,,,22.5,x,k,duplicated line,,,,,,,,,  ,,,,,,,,,,,,,,,,,,,,,,,,,,,,,,,,,,,,,,,,,,,,,,,,,,,,,,,,,,,,,,,,,,,,,,,,,,,,,,,,,,,,,,,,,,,,,,,,,,,,,,,,,,,,,,,,,,,,,,,,,,,,,,,,,,,,,,,,,,
27,June,2023,Sogndal,Calluna vulgaris,Field - Biomass,Open,4,SO_O_CV_4,,,,21.4,x,k,NO PHOTO IN THE FOLDER,,,,,,,,,,,,,,,,,,,,,,,,,,,,,,,,,,,,,,,,,,,,,,,,,,,,,,,,,,,,,,,,,,,,,,,,,,,,,,,,,,,,,,,,,,,,,,,,,,,,,,,,,,,,,,,,,,,,,,,,,,,,,,,,,,,,,,,,,,,,,,,,,,,
27,June,2023,Sogndal,Calluna vulgaris,Field - Biomass,Open,1,SO_O_CV_1,,,,23.1,x,k,NO PHOTO IN THE FOLDER,,,,,,,,,,,,,,,,,,,,,,,,,,,,,,,,,,,,,,,,,,,,,,,,,,,,,,,,,,,,,,,,,,,,,,,,,,,,,,,,,,,,,,,,,,,,,,,,,,,,,,,,,,,,,,,,,,,,,,,,,,,,,,,,,,,,,,,,,,,,,,,,,,,
27,June,2023,Sogndal,Vaccinium myrtillus,Field - Biomass,Forested,3,SO_F_VM_3,,,,29.0,x,k,NO PHOTO IN THE FOLDER,18,8,3,33.2,6,absent,,0,3,6,0,0,,0,0,0,6,0,0,5,0,0,4,0,0,0,0,0,0,0,0,0,0,0,0,7,3,7,7,5,0,0,0,58,87,0,0,0,69,57,27,0,,0.04317,0.02428,0,,,,0,0.06438,0.04765,0,0,0,0,0.06692,0,0,0,0,0,0,,,31/05/2024,Elodie MANZANO,10',precise,,,,,,,,,,,,,,,,,,,,,,,,,,,,,,,,,,,,,,,,,,0.10092,0,0,0,0,0,0,0,0,0,0,0,0,0,0,1.327,0,0,0,0,0,,,31/05/2024,Elodie MANZANO,10',precise
27,June,2023,Sogndal,Vaccinium myrtillus,Field - Biomass,Forested,1,SO_F_VM_1,,,,26.3,x,k,NO PHOTO IN THE FOLDER,31,9,,26.9,6,,,0,1,5,0,0,,0,0,0,5,0,0,0,0,0,0,0,0,,,,0,0,0,0,0,0,0,5,5,5,0,0,,0,0,32,55,38,0,0,0,0,0,,,0.02712,0.0099,0,,,,0,0.02003,0.00819,0,0,0,0,0.03354,0,0,0,0,0,0,Xander Duisters,20' ,31/05/2024,Elodie MANZANO,10',precise,,,,,,,,,,,,,,,,,,,,,,,,,,,,,,,,,,,,,,,,,,0.19699,0,0,0,0,0,0,0,0,0,0,0,0,0,0,1.1975,0,0,0,0,0,,,29/05/2024,Elodie MANZANO,5',precise
27,June,2023,Sogndal,Vaccinium myrtillus,Field - Biomass,Forested,5,SO_F_VM_5,,,,20.0,x,k,NO PHOTO IN THE FOLDER,15,6,2,28.6,8,absent,,0,1,6,0,0,,0,0,0,5,0,0,0,0,0,0,0,0,0,0,0,0,0,0,0,0,0,0,7,1,6,0,0,0,0,0,60,35,52,0,0,0,0,0,0,,0.02607,0.02219,0,0,0,0.00228,0,0.01271,0.01538,0,0,0,0,0.03516,0,0,0,0,0,0,Xander Duisters,30',31/05/2024,Elodie MANZANO,10',precise,,,,,,,,,,,,,,,,,,,,,,,,,,,,,,,,,,,,,,,,,,0.10097,0,0,0,0,0,0,0,0,0,0,0,0,0,0,0.88801,0,0,0,0,0,,,31/05/2024,Elodie MANZANO,10',precise
27,June,2023,Sogndal,Vaccinium myrtillus,Field - Biomass,Forested,4,SO_F_VM_4,,,,20.6,x,k,NO PHOTO IN THE FOLDER,6,0,0,20,4,absent,,1,2,5,0,0,,0,0,0,6,0,0,6,0,0,0,0,0,0,0,0,5,0,0,0,0,0,0,5,4,6,6,0,0,5,0,42,66,19,0,0,51,43,0,0,,0.02884,0.01516,0,0.01069,0.00296,,0,0.07212,0.03777,0,0,0,0,0.05696,0,0,0,0,0,0,Xander Duisters,1h,31/05/2024,Elodie MANZANO,10',precise,,,,,,,,,,,,,,,,,,,,,,,,,,,,,,,,,,,,,,,,,,0.01355,0,0,0,0,0,0,0,0,0,0,0,0,0,0,0.17605,0,0,0,0,0,,,31/05/2024,Elodie MANZANO,10',precise
27,June,2023,Sogndal,Vaccinium myrtillus,Field - Biomass,Forested,2,SO_F_VM_2,,,,22.5,x,k,,62,9,2,29.7,6,present,,0,3,6,0,0,,0,0,0,6,0,0,6,0,0,5,0,0,0,0,0,0,0,0,0,0,0,0,6,7,6,6,6,0,0,0,34,52,0,0,0,27,33,27,0,,0.02376,0.01061,0,0,0,0,0,0.03742,0.02285,0,0,0,0,0.0295,0,0,0,0,0,0,Elodie MANZANO,1h30,31/05/2024,Elodie MANZANO,10',precise,,,,,,,,,,,,,,,,,,,,,,,,,,,,,,,,,,,,,,,,,,0.43184,0,0,0,0,0,0,0,0,,0,0,0,0,0,1.5334,0,0,0,0,0.05243,,,29/05/2024,Elodie MANZANO,5',precise
27,June,2023,Sogndal,Vaccinium myrtillus,Field - Biomass,Open,1,SO_O_VM_1,,,,33.5,x,k,"not in folder, retaken, segment 1 broken, taking S2 Y1 B1 as ""segment 1"" for biomass",34,11,2,25.7,6,absent,,0,4,0,0,0,,0,0,0,4,0,0,5,0,0,4,0,0,5,0,0,0,0,0,0,0,0,0,0,9,4,5,4,5,0,0,0,66,0,0,0,30,19,27,22,,0.02779,0.01016,0,,,,0,0.03387,0.01677,0,0,0,0,0.04567,0,0,0,0,0,0,Karolina Havlikova + Elodie MANZANO,1h30,31/05/2024,Elodie MANZANO,10',precise,,,,,,,,,,,,,,,,,,,,,,,,,,,,,,,,,,,,,,,,,,0.31508,0,0,0,0,0,0,0,0,,0,0,0,0,0,1.1303,0,0,0,0,0,,,29/05/2024,Elodie MANZANO,5',precise
27,June,2023,Sogndal,Vaccinium myrtillus,Field - Biomass,Open,2,SO_O_VM_2,,,,33.5,x,k,,69,26,4,23.4,7,,,0,1,3,0,1,,0,0,0,3,0,0,0,0,0,0,0,0,,,,0,0,0,0,0,0,0,4,4,4,0,0,,0,0,11,18,0,0,0,11,0,0,,,0.01127,0.0027,0.01292,,,,0,0.00662,0.00212,0,0,0,0,0.00776,0,0,0,0,0,0,Elodie MANZANO,2h,31/05/2024,Elodie MANZANO,10',precise,,had to cut the remaining stems to weigh them,,,,,,,,,,,,,,,,,,,,,,,,,,,,,,,,,,,,,,,,0.68248,0,0,0,0,0,0,0,0,,0,0,0,0,0,3.1629,0,0,0,0,0,,,29/05/2024,Elodie MANZANO,5',precise
27,June,2023,Sogndal,Vaccinium myrtillus,Field - Biomass,Open,5,SO_O_VM_5,,,,15.6,x,k,longest branch broken,12,3,1,14.3,5,absent,,0,2,6,0,0,,0,0,0,2,0,0,6,0,0,0,0,0,,,,0,0,0,0,0,0,0,6,3,4,6,0,,0,0,27,45,0,0,0,23,30,0,,,0.02654,0.01064,0,,,,0,0.02435,0.01502,0,0,0,0,0.02942,0,0,0,0,0,0,Elodie MANZANO + Xander Duisters,1h30,31/05/2024,Elodie MANZANO,10',precise,,,,,,,,,,,,,,,,,,,,,,,,,,,,,,,,,,,,,,,,,,0.12462,0,0,0,0,0,0,0,0,0,0,0,0,0,0,0.29833,0,0,0,0,0,,,31/05/2024,Elodie MANZANO,10',precise
27,June,2023,Sogndal,Vaccinium myrtillus,Field - Biomass,Open,3,SO_O_VM_3,,,,30.5,x,k,"1 fruit, S1 Y1 may have been entirely broken, we separated the S2 Y1 B1 from other side branches, and filled S1 Y1 B1 with 0",62,25,7,22.8,7,,,0,2,3,0,1,,0,0,0,3,0,0,5,0,0,0,0,0,,,,0,0,0,0,0,0,0,4,6,3,5,0,,0,0,20,38,0,0,0,7,17,0,,,0.01286,0.00577,0.02692,,,,0,0.02757,0.00542,0,0,0,0,0.02131,0,0,0,0,0,0,Elodie MANZANO,2h,31/05/2024,Elodie MANZANO,10',precise,,,,,,,,,,,,,,,,,,,,,,,,,,,,,,,,,,,,,,,,,,0.72132,0,0,0,0,0,0,0,0,,0,0,0,0,0,3.3982,0,0,0,0,0.18643,,,29/05/2024,Elodie MANZANO,5',precise
27,June,2023,Sogndal,Vaccinium myrtillus,Field - Biomass,Open,4,SO_O_VM_4,,,,25.5,x,k,"Seem like 2 individuals, here is A",43,15,3,21.4,4,present,,0,1,7,0,0,,0,0,0,10,0,0,0,0,0,0,0,0,,,,0,0,0,0,0,0,0,9,7,8,0,0,,0,0,69,60,0,0,0,71,0,0,,,0.04084,0.04489,0,,,,0,0.04223,0.04151,0,0,0,0,0.08357,0,0,0,0,0,0,"Elodie MANZANO, 1h15",,31/05/2024,Elodie MANZANO,10',precise,,,,,,,,,,,,,,,,,,,,,,,,,,,,,,,,,,,,,,,,,,0.25407,0,0,0,0,0,0,0,0,,0,0,0,0,0,1.5083,0,0,0,0,0.01836,,,29/05/2024,Elodie MANZANO,5',precise
27,June,2023,Sogndal,Vaccinium myrtillus,Field - Biomass,Open,4,SO_O_VM_4,,,,25.5,x,k,"Seem like 2 individuals, here is B, all main branches were broken, S2 Y1 B1 taken apart and its biomass measured as S1_Y1_B1",53,31,6,20.9,8,absent,,0,2,0,0,0,,0,0,0,6,0,0,6,0,0,0,0,0,0,0,0,0,0,0,0,0,0,0,0,5,6,6,0,0,0,0,0,32,0,0,0,31,3,0,0,,0.04666,0.01457,0,,,,0,0.03447,0.01239,0,0,0,0,0.02015,0,0,0,0,0,0,,,31/05/2024,Elodie MANZANO,10',precise,,,,,,,,,,,,,,,,,,,,,,,,,,,,,,,,,,,,,,,,,,0.2771,0,0,0,0,0,0,0,0,,0,0,0,0,0,2.4144,0,0,0,0,0,,,29/05/2024,Elodie MANZANO,5',precise
27,June,2023,Sogndal,Vaccinium vitis-idaea,Field - Biomass,Open,4,SO_O_VV_4,,,,12.3,x,k,"not in folder, retaken",1,0,0,12.6,4,absent,,0,0,12,0,0,,13,0,0,0,0,0,0,0,0,0,0,0,0,0,0,0,0,0,0,0,0,0,13,16,0,0,0,0,0,0,30,53,0,0,0,0,0,0,0,no,0.04452,0.00635,0,,,,0,0,0,0,0,0,0.23037,0.03644,0,0,0,0,0,0,Elodie MANZANO,40',31/05/2024,Elodie MANZANO,10',precise,,"a single branch, already processed, no S1 neither S2. 1 leaf from S3 has been partly eaten, 2 lost leaves, no countable leaf scar on S4",0,0,1,1,0,,0,no,0,0,0,0,0,0,,0,0,0,3,,0,,0,2,0,0,0,11,0,0,,0,0,0,32,15,0,,no,0,0,0,0,0,0,0,0.02553,0.02766,,0,0.01304,0,0,0,0,,,0.01513,,0,Elodie MANZANO,,29/05/2024,Elodie MANZANO,15',precise
27,June,2023,Sogndal,Vaccinium vitis-idaea,Field - Biomass,Open,5,SO_O_VV_5,,,,13.9,x,k,NO PHOTO IN THE FOLDER,1,0,,14.7,3,,,0,0,13,0,0,,10,0,0,0,0,0,0,0,0,0,0,0,,,,0,0,,0,0,0,0,15,14,0,0,0,,0,0,32,52,0,0,0,0,0,0,,,0.05448,0.0078,0,,,,0,0,0,0,0,0,0.10848,0.03525,0,0,0,0,0,0,Xander Duisters,35`,31/05/2024,Elodie MANZANO,10',precise,,"not entirely sure which stem was processed for biomass (no photo in the folder), 2 S1 attached to S3, 1 lost leaf",2,0,1,0,0,0,0,no,18,0,0,0,0,0,no,0,0,0,2,0,0,,0,1,23,0,0,13,0,0,0,91,0,0,58,0,0,0,no,0.02564,0.01733,0,0,,0,0,0.02089,0.06078,,0,0,0,0,0,0,,,0.01092,,0,Elodie MANZANO,,28/05/2024,Elodie MANZANO,15',precise
27,June,2023,Sogndal,Vaccinium vitis-idaea,Field - Biomass,Open,1,SO_O_VV_1,,,,24.2,x,k,"seem like 2 individuals, here is A (right-hand in the photo)",2,1,0,21.6,4,absent,,0,0,11,0,0,,11,0,0,0,0,0,0,0,0,0,0,0,0,0,0,0,0,0,0,0,0,0,12,15,0,0,0,0,0,0,44,65,0,0,0,0,0,0,0,no,0.05726,0.0101,0,,,,0,0,0,0,0,0,0.18403,0.03634,0,0,0,0,0,0,Elodie MANZANO,40',31/05/2024,Elodie MANZANO,10',precise,,"seem like 2 individuals, here is A, side branch with leaves assumed to be S3 leaves due to how it is attached, S4 assumed to be a unique segment because of the absence of annual ring (bud)",0,1,2,1,0,,1,no,0,0,0,0,0,0,no,0,0,0,3,0,0,,0,0,0,7,0,29,12,0,,0,12,0,82,76,0,,no,0,0,0,0.00317,,0,0,0.02718,0.04707,,0,0.08642,0,0,0,0,,,0,,0,Elodie MANZANO,,28/05/2024,Elodie MANZANO,10',precise
27,June,2023,Sogndal,Vaccinium vitis-idaea,Field - Biomass,Open,1,SO_O_VV_1,,,,24.2,x,x,"seem like 2 individuals, here is B (has its own photos), a verry, verry little leaf at the top bud, not counted as a leaf (photo)",1,0,0,17,5,absent,,0,0,11,0,0,,12,0,0,0,0,0,0,0,0,0,0,0,0,0,0,0,0,0,0,0,0,0,12,15,0,0,0,0,0,0,40,52,0,0,0,0,0,0,0,no,0.06775,0.00979,0,,,,0,0,0,0,0,0,0.17502,0.03172,0,0,0,0,0,0,Elodie MANZANO,30',31/05/2024,Elodie MANZANO,10',precise,,"seem like 2 individuals, here is B, ",0,0,1,1,1,,0,no,0,0,0,0,0,0,no,0,0,0,2,0,1,,0,0,0,0,0,6,14,10,,0,0,0,15,37,25,,no,0,0,0,0,,0,0,0.00394,0.00979,,0.0062,0.02756,0.02138,0,0,0,,,0,,0,Elodie MANZANO,,28/05/2024,Elodie MANZANO,15',precise
27,June,2023,Sogndal,Vaccinium vitis-idaea,Field - Biomass,Open,3,SO_O_VV_3,,,,13.9,x,k,"NO PHOTO IN THE FOLDER, who did it? ",4,,,12.8,5,,,,,14,0,0,,10,0,0,,,0,,,,,,0,,,,0,0,,0,0,,,14,,11,,,,0,0,3.3,4.2,0,0,,,,,,,0.09612,0.01033,0,,,,0,0,0,0,0,0,0.14897,0.02822,0,0,0,0,0,0,,,31/05/2024,Elodie MANZANO,10',precise,,"not entirely sure which stem was processed for biomass (no photo in the folder), every stem is broken (see photos), S5 twisted (then length measured with the rope) and too old to see the leav scars",1,3,4,3,1,0,3,no,0,0,0,16,0,0,0,0,0,0,19,0,6,,0,0,7,25,0,36,20,0,0,9,54,0,84,61,25,0,no,0,0.00205,0.09093,0.01583,,0,0,0.11657,0.04124,,0.03089,0.03247,0.03391,0,0,0,,,0,,0,Elodie MANZANO,,28/05/2024,Elodie MANZANO,15',precise
27,June,2023,Sogndal,Empetrum nigrum,Field - Biomass,Open,4,SO_O_EN_4,,,,27.4,x,x,NO PHOTO IN THE FOLDER,,,,,,,,,,,,,,,,,,,,,,,,,,,,,,,,,,,,,,,,,,,,,,,,,,,,,,,,,,,,,,,,,,,,,,,,,,,,,,,,,,,,,,,,,,,,,,,,,,,,,,,,,,,,,,,,,,,,,,,,,,,,,,,,,,,,,,,,,,,,,,,,,,,
20,July,2023,Kautokeino,Vaccinium vitis-idaea,Field - Biomass,Open,5,KA_O_VV_5,,,,10.4,x,x,,,,,,,,,,,,,,,,,,,,,,,,,,,,,,,,,,,,,,,,,,,,,,,,,,,,,,,,,,,,,,,,,,,,,,,,,,,,,,,,,,,,,,,,,,,,,,,,,,,,,,,,,,,,,,,,,,,,,,,,,,,,,,,,,,,,,,,,,,,,,,,,,,,,
20,July,2023,Kautokeino,Vaccinium vitis-idaea,Field - Biomass,Open,3,KA_O_VV_3,,,,11.3,x,x,,,,,,,,,,,,,,,,,,,,,,,,,,,,,,,,,,,,,,,,,,,,,,,,,,,,,,,,,,,,,,,,,,,,,,,,,,,,,,,,,,,,,,,,,,,,,,,,,,,,,,,,,,,,,,,,,,,,,,,,,,,,,,,,,,,,,,,,,,,,,,,,,,,,
20,July,2023,Kautokeino,Vaccinium vitis-idaea,Field - Biomass,Open,1,KA_O_VV_1,,,,10.9,x,x,,,,,,,,,,,,,,,,,,,,,,,,,,,,,,,,,,,,,,,,,,,,,,,,,,,,,,,,,,,,,,,,,,,,,,,,,,,,,,,,,,,,,,,,,,,,,,,,,,,,,,,,,,,,,,,,,,,,,,,,,,,,,,,,,,,,,,,,,,,,,,,,,,,,
20,July,2023,Kautokeino,Vaccinium vitis-idaea,Field - Biomass,Forested,3,KA_F_VV_3,,,,18.0,x,x,,,,,,,,,,,,,,,,,,,,,,,,,,,,,,,,,,,,,,,,,,,,,,,,,,,,,,,,,,,,,,,,,,,,,,,,,,,,,,,,,,,,,,,,,,,,,,,,,,,,,,,,,,,,,,,,,,,,,,,,,,,,,,,,,,,,,,,,,,,,,,,,,,,,
20,July,2023,Kautokeino,Vaccinium vitis-idaea,Field - Biomass,Open,2,KA_O_VV_2,,,,16.0,x,x,height could be 10.0cm ,,,,,,,,,,,,,,,,,,,,,,,,,,,,,,,,,,,,,,,,,,,,,,,,,,,,,,,,,,,,,,,,,,,,,,,,,,,,,,,,,,,,,,,,,,,,,,,,,,,,,,,,,,,,,,,,,,,,,,,,,,,,,,,,,,,,,,,,,,,,,,,,,,,
20,July,2023,Kautokeino,Vaccinium vitis-idaea,Field - Biomass,Forested,2,KA_F_VV_2,,,,13.5,x,x,,,,,,,,,,,,,,,,,,,,,,,,,,,,,,,,,,,,,,,,,,,,,,,,,,,,,,,,,,,,,,,,,,,,,,,,,,,,,,,,,,,,,,,,,,,,,,,,,,,,,,,,,,,,,,,,,,,,,,,,,,,,,,,,,,,,,,,,,,,,,,,,,,,,
20,July,2023,Kautokeino,Vaccinium vitis-idaea,Field - Biomass,Forested,5,KA_F_VV_5,,,,17.0,x,x,,,,,,,,,,,,,,,,,,,,,,,,,,,,,,,,,,,,,,,,,,,,,,,,,,,,,,,,,,,,,,,,,,,,,,,,,,,,,,,,,,,,,,,,,,,,,,,,,,,,,,,,,,,,,,,,,,,,,,,,,,,,,,,,,,,,,,,,,,,,,,,,,,,,
20,July,2023,Kautokeino,Vaccinium vitis-idaea,Field - Biomass,Forested,1,KA_F_VV_1,,,,14.6,x,x,,,,,,,,,,,,,,,,,,,,,,,,,,,,,,,,,,,,,,,,,,,,,,,,,,,,,,,,,,,,,,,,,,,,,,,,,,,,,,,,,,,,,,,,,,,,,,,,,,,,,,,,,,,,,,,,,,,,,,,,,,,,,,,,,,,,,,,,,,,,,,,,,,,,
20,July,2023,Kautokeino,Vaccinium vitis-idaea,Field - Biomass,Forested,4,KA_F_VV_4,,,,15.9,x,x,,,,,,,,,,,,,,,,,,,,,,,,,,,,,,,,,,,,,,,,,,,,,,,,,,,,,,,,,,,,,,,,,,,,,,,,,,,,,,,,,,,,,,,,,,,,,,,,,,,,,,,,,,,,,,,,,,,,,,,,,,,,,,,,,,,,,,,,,,,,,,,,,,,,
20,July,2023,Kautokeino,Vaccinium vitis-idaea,Field - Biomass,Open,4,KA_O_VV_4,,,,7.0,x,x,,,,,,,,,,,,,,,,,,,,,,,,,,,,,,,,,,,,,,,,,,,,,,,,,,,,,,,,,,,,,,,,,,,,,,,,,,,,,,,,,,,,,,,,,,,,,,,,,,,,,,,,,,,,,,,,,,,,,,,,,,,,,,,,,,,,,,,,,,,,,,,,,,,,
20,July,2023,Kautokeino,Empetrum nigrum,Field - Biomass,Open,2,KA_O_EN_2,,,,9.4,x,x,,,,,,,,,,,,,,,,,,,,,,,,,,,,,,,,,,,,,,,,,,,,,,,,,,,,,,,,,,,,,,,,,,,,,,,,,,,,,,,,,,,,,,,,,,,,,,,,,,,,,,,,,,,,,,,,,,,,,,,,,,,,,,,,,,,,,,,,,,,,,,,,,,,,
20,July,2023,Kautokeino,Empetrum nigrum,Field - Biomass,Forested,4,KA_F_EN_4,,,,23.0,x,x,,,,,,,,,,,,,,,,,,,,,,,,,,,,,,,,,,,,,,,,,,,,,,,,,,,,,,,,,,,,,,,,,,,,,,,,,,,,,,,,,,,,,,,,,,,,,,,,,,,,,,,,,,,,,,,,,,,,,,,,,,,,,,,,,,,,,,,,,,,,,,,,,,,,
20,July,2023,Kautokeino,Empetrum nigrum,Field - Biomass,Forested,2,KA_F_EN_2,,,,16.5,x,x,,,,,,,,,,,,,,,,,,,,,,,,,,,,,,,,,,,,,,,,,,,,,,,,,,,,,,,,,,,,,,,,,,,,,,,,,,,,,,,,,,,,,,,,,,,,,,,,,,,,,,,,,,,,,,,,,,,,,,,,,,,,,,,,,,,,,,,,,,,,,,,,,,,,
20,July,2023,Kautokeino,Empetrum nigrum,Field - Biomass,Open,5,KA_O_EN_5,,,,11.3,x,x,,,,,,,,,,,,,,,,,,,,,,,,,,,,,,,,,,,,,,,,,,,,,,,,,,,,,,,,,,,,,,,,,,,,,,,,,,,,,,,,,,,,,,,,,,,,,,,,,,,,,,,,,,,,,,,,,,,,,,,,,,,,,,,,,,,,,,,,,,,,,,,,,,,,
20,July,2023,Kautokeino,Empetrum nigrum,Field - Biomass,Open,4,KA_O_EN_4,,,,11.5,x,x,,,,,,,,,,,,,,,,,,,,,,,,,,,,,,,,,,,,,,,,,,,,,,,,,,,,,,,,,,,,,,,,,,,,,,,,,,,,,,,,,,,,,,,,,,,,,,,,,,,,,,,,,,,,,,,,,,,,,,,,,,,,,,,,,,,,,,,,,,,,,,,,,,,,
20,July,2023,Kautokeino,Empetrum nigrum,Field - Biomass,Open,1,KA_O_EN_1,,,,9.4,x,x,,,,,,,,,,,,,,,,,,,,,,,,,,,,,,,,,,,,,,,,,,,,,,,,,,,,,,,,,,,,,,,,,,,,,,,,,,,,,,,,,,,,,,,,,,,,,,,,,,,,,,,,,,,,,,,,,,,,,,,,,,,,,,,,,,,,,,,,,,,,,,,,,,,,
20,July,2023,Kautokeino,Empetrum nigrum,Field - Biomass,Open,3,KA_O_EN_3,,,,7.2,x,x,height seems false(?),,,,,,,,,,,,,,,,,,,,,,,,,,,,,,,,,,,,,,,,,,,,,,,,,,,,,,,,,,,,,,,,,,,,,,,,,,,,,,,,,,,,,,,,,,,,,,,,,,,,,,,,,,,,,,,,,,,,,,,,,,,,,,,,,,,,,,,,,,,,,,,,,,,
20,July,2023,Kautokeino,Empetrum nigrum,Field - Biomass,Forested,3,KA_F_EN_3,,,,8.5,x,x,,,,,,,,,,,,,,,,,,,,,,,,,,,,,,,,,,,,,,,,,,,,,,,,,,,,,,,,,,,,,,,,,,,,,,,,,,,,,,,,,,,,,,,,,,,,,,,,,,,,,,,,,,,,,,,,,,,,,,,,,,,,,,,,,,,,,,,,,,,,,,,,,,,,
20,July,2023,Kautokeino,Empetrum nigrum,Field - Biomass,Forested,5,KA_F_EN_5,,,,14.8,x,x,,,,,,,,,,,,,,,,,,,,,,,,,,,,,,,,,,,,,,,,,,,,,,,,,,,,,,,,,,,,,,,,,,,,,,,,,,,,,,,,,,,,,,,,,,,,,,,,,,,,,,,,,,,,,,,,,,,,,,,,,,,,,,,,,,,,,,,,,,,,,,,,,,,,
20,July,2023,Kautokeino,Empetrum nigrum,Field - Biomass,Forested,1,KA_F_EN_1,,,,15.8,x,,,,,,,,,,,,,,,,,,,,,,,,,,,,,,,,,,,,,,,,,,,,,,,,,,,,,,,,,,,,,,,,,,,,,,,,,,,,,,,,,,,,,,,,,,,,,,,,,,,,,,,,,,,,,,,,,,,,,,,,,,,,,,,,,,,,,,,,,,,,,,,,,,,,,
27,June,2023,Sogndal,Empetrum nigrum,Field - Biomass,Open,5,SO_O_EN_5,,,,23.7,x,k,,,,,,,,,,,,,,,,,,,,,,,,,,,,,,,,,,,,,,,,,,,,,,,,,,,,,,,,,,,,,,,,,,,,,,,,,,,,,,,,,,,,,,,,,,,,,,,,,,,,,,,,,,,,,,,,,,,,,,,,,,,,,,,,,,,,,,,,,,,,,,,,,,,,
27,June,2023,Sogndal,Vaccinium vitis-idaea,Field - Biomass,Open,2,SO_O_VV_2,,,,13.4,x,k,"seems like 2 individuals, here is A",2,0,0,16.9,4,absent,,0,0,12,0,0,,8,0,0,0,0,0,0,0,0,0,0,0,0,0,0,0,0,0,0,0,0,0,13,15,0,0,0,0,0,0,36,56,0,0,0,0,0,0,0,no,0.104,0.01126,0,,,,0,0,0,0,0,0,0.177,0.03691,0,0,0,0,0,0,Elodie MANZANO,20',31/05/2024,Elodie MANZANO,10',precise,,a side branch from Y1 attached to S3 -> no S2 in the remaining stuff? 3 of S1 leaves are far from beeing mature but counted,1,0,1,1,0,,0,no,11,0,0,0,0,0,,0,0,0,0,,0,,0,0,11,0,0,13,7,0,,13,0,0,57,16,0,,no,0.00485,0.0014,0,0,,0,0,0,0.0574,,0,0.01307,0,0,0,0,,,0,,,Elodie MANZANO,,28/05/2024,Elodie MANZANO,10',precise
27,June,2023,Sogndal,Vaccinium vitis-idaea,Field - Biomass,Open,2,SO_O_VV_2,,,,13.4,x,k,"seems like 2 individuals, here is B",1,0,0,12.9,4,absent,,0,0,14,0,0,,11,0,0,0,0,0,0,0,0,0,0,0,0,0,0,0,0,0,0,0,0,0,14,17,0,0,0,0,0,0,30,63,0,0,0,0,0,0,0,no,0.08103,0.00731,0,,,,0,0,0,0,0,0,0.24108,0.05095,0,0,0,0,0,0,Elodie MANZANO,30',31/05/2024,Elodie MANZANO,10',precise,,hard to see S4 leaf scars ,0,0,1,1,0,,0,no,0,0,0,0,0,0,,0,0,0,1,,0,,0,0,0,0,0,10,1,0,,0,0,0,28,9,0,,no,0,0,0,0,,0,0,0.00304,0.03372,,0,0.01028,0,0,0,0,,,0,,,Elodie MANZANO,,28/05/2024,Elodie MANZANO,10',precise
27,July,2023,Lygra,Vaccinium myrtillus,Field - Biomass,Open,1,LY_O_VM_1,,,,10.2,x,x,NO PHOTO IN THE FOLDER,2,1,2,11.2,4,absent,,0,1,6,0,0,,1,0,0,6,0,0,0,0,0,0,0,0,0,0,0,0,0,0,0,0,0,0,7,4,6,0,0,0,0,0,33,37,0,0,0,32,0,0,0,,0.02337,0.01387,,,,,,0.01714,0.01297,0,0,,0.00284,0.02274,0,0,,0,0,0,Xander Duisters,45',29/05/2024,Elodie MANZANO,10',,,,,,,,,,,,,,,,,,,,,,,,,,,,,,,,,,,,,,,,,,,0,0,0,0,0,0,0,0,0,,0,0,0,0,0,0.04646,0,0,0,0,0,,,29/05/2024,Elodie MANZANO,1',precise
27,July,2023,Lygra,Vaccinium myrtillus,Field - Biomass,Open,2,LY_O_VM_2,,,,9.4,X,X,no remaining leaves,3,0,2,11.9,4,absent,,0,2,6,0,0,,0,0,0,6,0,0,5,0,0,0,0,0,0,0,0,0,0,0,0,0,0,0,6,6,6,5,0,0,0,0,24,46,0,0,0,25,20,0,0,,0.01268,0.00835,,,,,,0.0176,0.01437,0,0,,0,0.03082,0,0,,0,0,0,MANZANO Elodie,40',30/05/2024,Elodie MANZANO,10',precise,,,,,,,,,,,,,,,,,,,,,,,,,,,,,,,,,,,,,,,,,,0,0,0,0,0,0,0,0,0,,0,0,0,0,0,0.04489,0,0,0,0,0,,0,31/05/2024,Elodie MANZANO,10',precise
27,July,2023,Lygra,Vaccinium myrtillus,Field - Biomass,Open,5,LY_O_VM_5,,,,15.0,X,X,"the only non-broken branch has no leaf, I took the longest broken branch, S2 Y1 B1 is taken as the top for measuring the length and is in a separate bag",8,4,2,15.6,6,absent,,0,2,0,0,0,,0,0,0,6,0,0,5,0,0,0,0,0,0,0,0,0,0,0,0,0,0,0,0,4,6,5,0,0,0,0,0,28,0,0,0,36,28,0,0,,0.03563,0.01774,,,,,,0.01178,0.01183,0,0,,0,0.02728,0,0,,0,0,0,MANZANO Elodie,40',30/05/2024,Elodie MANZANO,10',precise,,,,,,,,,,,,,,,,,,,,,,,,,,,,,,,,,,,,,,,,,,0.01388,0,0,0,0,0,0,0,0,,0,0,0,0,0,0.20987,0,,0,0,0,,,29/05/2024,Elodie MANZANO,5',precise
27,July,2023,Lygra,Vaccinium myrtillus,Field - Biomass,Open,4,LY_O_VM_4,,,,9.8,x,x,,3,1,0,9.8,4,absent,,0,1,5,0,0,,1,0,0,6,0,0,0,0,0,0,0,0,0,0,0,0,0,0,0,0,0,0,5,5,6,0,0,0,0,0,19,32,21,0,0,0,0,0,0,,0.01255,0.00542,,,,,,0.01238,0.00555,0,0,,0.00276,0.0115,0,0,,0,0,0,xander Duisters,35',30/05/2024,Elodie MANZANO,10',precise,,,,,,,,,,,,,,,,,,,,,,,,,,,,,,,,,,,,,,,,,,0.01461,0,0,0,0,0,0,0,0,,0,0,0,0,0,0.04755,0,0,0,0,0,,,29/05/2024,Elodie MANZANO,5',precise
27,July,2023,Lygra,Vaccinium myrtillus,Field - Biomass,Open,3,LY_O_VM_3,,,,8.0,X,X,"every main branch is broken, S1 is missing, S2 Y1 B1 is in a separate bag and its mass is noted as S1",10,5,3,6.7,5,absent,,0,2,0,0,0,,0,0,0,3,0,0,2,0,0,0,0,0,0,0,0,0,0,0,0,0,0,0,0,4,3,2,0,0,0,0,0,23,0,0,0,21,7,0,0,,0.00681,0.00754,,,,,,0.00117,0.00122,,,,0,0.0123,0,0,,0,0,0,MANZANO Elodie,40',30/05/2024,Elodie MANZANO,10',precise,,,,,,,,,,,,,,,,,,,,,,,,,,,,,,,,,,,,,,,,,,0.0223,0,0,0,0,0,0,0,0,,0,0,0,0,0,0.09168,0,0,0,0,0,,,31/05/2024,Elodie MANZANO,3',precise
20,July,2023,Kautokeino,Vaccinium myrtillus,Field - Biomass,Forested,5,KA_F_VM_5,,,,20.2,X,X,"every main branch is broken, S1 is missing, S2 Y1 B1 Is taken as the top for measuring the length andis in a separate bag for biomass as S1 Y1 B1, S2 Y1 B3 is broken, no remaining leaves except for already lost leaves",11,9,0,21.2,5,absent,,0,3,0,0,0,,0,0,0,6,0,0,7,0,0,3,0,0,0,0,0,0,0,0,0,0,0,0,0,10,7,9,3,0,0,0,0,92,0,0,0,62,74,17,0,,0.0421,0.03866,0,,,,,0.03649,0.05013,0,0,0,0,0.13724,0,0,0,0,0,0,Elodie MANZANO,40',31/05/2024,Elodie MANZANO,10',precise,,,,,,,,,,,,,,,,,,,,,,,,,,,,,,,,,,,,,,,,,,0.0145,0,0,0,0,0,0,0,0,,0,0,0,0,0,0.3399,,,0,,0,,,29/05/2024,Elodie MANZANO,10',unprecise
12,July,2023,Senje,Vaccinium myrtillus,Field - Biomass,Forested,1,SE_F_VM_1,,,,missing,x,x,,2,0,0,20.9,3,absent,,0,1,10,0,0,,0,0,0,10,0,0,0,0,0,0,0,0,0,0,0,0,0,0,0,0,0,0,11,14,10,0,0,0,0,0,97,98,85,0,0,0,0,0,0,,0.07696,0.06826,0,,,,,0.05929,0.04743,0,0,0,0,0.13946,0,0,,0,0,0,Xander Duisters,30',30/05/2024,Elodie MANZANO,10',precise,,,,,,,,,,,,,,,,,,,,,,,,,,,,,,,,,,,,,,,,,,0,0,0,0,0,0,0,0,0,,0,0,0,0,0,0.01055,,,0,,0,,,28/05/2024,Elodie MANZANO,10',precise
12,July,2023,Senje,Vaccinium myrtillus,Field - Biomass,Open,4,SE_O_VM_4,,,,20.5,x,x,"s2 y1 b1 and b2 were in separated bags, there are weighed together",5,1,0,19.3,4,absent,,0,2,6,0,1,,0,0,0,6,0,1,5,0,0,0,0,0,0,0,0,0,0,0,0,0,0,0,6,6,6,5,0,0,0,0,35,74,34,24,0,0,0,0,0,,0.03871,0.01757,0.00636,,,,,0.05887,0.03007,0,0,0.01001,0,0.10463,0,0,,0,0,0,Xander Duisters,40'',30/05/2024,Elodie MANZANO,10',precise,,,,,,,,,,,,,,,,,,,,,,,,,,,,,,,,,,,,,,,,,,0.05088,0,0,0,0,0,0,0,0,,0,0,0,0,0,0.33381,,,0,,0,,,28/05/2024,Elodie MANZANO,10',precise
20,July,2023,Kautokeino,Vaccinium myrtillus,Field - Biomass,Open,4,KA_O_VM_4,,,,6.5,X,X,,20,8,2,9.5,3,absent,,0,1,8,0,0,,0,0,0,8,0,0,0,0,0,0,0,0,0,0,0,0,0,0,0,0,0,0,8,11,8,0,0,0,0,0,48,36,0,0,0,41,0,0,0,,0.0259,0.02932,0,,,,,0.01701,0.02275,0,0,0,0,0.03025,0,0,0,0,0,0,Elodie MANZANO,40',31/05/2024,Elodie MANZANO,10',precise,,,,,,,,,,,,,,,,,,,,,,,,,,,,,,,,,,,,,,,,,,0.05461,0,0,0,0,0,0,0,0,,0,0,0,0,0,0.30247,0,,0,0,0,,,29/05/2024,Elodie MANZANO,5',precise
20,July,2023,Kautokeino,Vaccinium myrtillus,Field - Biomass,Open,5,KA_O_VM_5,,,,18.0,x,x,1 leaf of S1 Y1 B1 may be lost during the processing,15,6,0,13.9,6,absent,,0,1,3,0,0,,0,0,0,5,0,0,0,0,0,0,0,0,0,0,0,0,0,0,0,0,0,0,4,5,5,0,0,0,0,0,14,14,0,0,0,13,0,0,0,,0.00622,0.00365,0,,,,0,0.01121,0.00294,0,0,0,0,0.00681,0,0,0,0,0,0,Karolina Havlikova,50',31/05/2024,Elodie MANZANO,10',precise,,,,,,,,,,,,,,,,,,,,,,,,,,,,,,,,,,,,,,,,,,0.09013,0,0,0,0,0,0,0,0,0,0,0,0,0,0,0.30482,0,0,0,0,0,,,31/05/2024,Elodie MANZANO,10',precise
20,July,2023,Kautokeino,Vaccinium myrtillus,Field - Biomass,Open,1,KA_O_VM_1,,,,10.9,X,X,very bushy sample with lot of short segments,40,13,5,13.4,8,absent,,0,1,4,0,0,,0,0,0,4,0,0,0,0,0,0,0,0,0,0,0,0,0,0,0,0,0,0,4,4,4,0,0,0,0,0,8,9,7,0,0,0,0,0,0,,0.00839,0.00206,0,,,,0,0.00483,0.0013,0,0,0,0,0.00275,0,0,0,0,0,0,Elodie MANZANO,1h,31/05/2024,Elodie MANZANO,10',precise,,,,,,,,,,,,,,,,,,,,,,,,,,,,,,,,,,,,,,,,,,0.16224,0,0,0,0,0,0,0,0,,0,0,0,0,0,0.61308,,,0,,0,,,28/05/2024,Elodie MANZANO,10',precise
20,July,2023,Kautokeino,Vaccinium myrtillus,Field - Biomass,Forested,4,KA_F_VM_4,,,,17.0,x,x,2 leaves of S1 Y1 B1 may be lost during the processing,14,5,0,17.3,4,present,,0,0,3,0,0,,6,0,1,0,0,0,0,0,0,0,0,0,0,0,0,0,0,0,0,0,0,0,5,6,0,0,0,0,0,0,19,43,0,0,0,0,0,0,0,,0.00739,0.0048,0,,,,,0,0,0,0,0,0.00928,0.02181,0,0,0.00176,0,0,0,Karolina Havlikova,1 h 30min,31/05/2024,Elodie MANZANO,10',precise,,,,,,,,,,,,,,,,,,,,,,,,,,,,,,,,,,,,,,,,,,0.0711,0,0,0,0,0,0,0,0,0,0,0,0,0,0,0.26781,0,0,0,0,0,,,31/05/2024,Elodie MANZANO,10',precise
20,July,2023,Kautokeino,Vaccinium myrtillus,Field - Biomass,Open,3,KA_O_VM_3,,,,13.3,X,X,"Seems like 2 individuals, here is A, partly rooted, base taken at the begining of the roots for length (photo), non mature leaves on all the plant",12,2,1,15.5,6,absent,,0,1,4,0,0,,0,0,0,5,0,0,0,0,0,0,0,0,0,0,0,0,0,0,0,0,0,0,6,6,5,0,0,0,0,0,16,29,0,0,0,11,0,0,0,,0.00685,0.00412,0,,,,0,0.00521,0.00228,0,0,0,0,0.01378,0,0,0,0,0,0,Elodie MANZANO,1h,31/05/2024,Elodie MANZANO,10',precise,,,,,,,,,,,,,,,,,,,,,,,,,,,,,,,,,,,,,,,,,,0.0514,0,0,0,0,0,0,0,0,,0,0,0,0,0,0.5193,,,0,,0,,,29/05/2024,Elodie MANZANO,10',unprecise
20,July,2023,Kautokeino,Vaccinium myrtillus,Field - Biomass,Forested,1,KA_F_VM_1,,,,23.2,x,x,"S2 is very small, but 5 mm, so it was taken",36,6,6,23.6,7,present,,0,0,5,0,0,,0,0,0,0,0,0,0,0,0,0,0,0,0,0,0,0,0,0,0,0,0,0,5,1,0,0,0,0,0,0,10,5,0,0,0,0,0,0,0,,0.00768,0.00206,0,,,,,0,0,0,0,0,0,0.00184,0,0,0,0,0,0,Karolina Havlikova,,31/05/2024,Elodie MANZANO,10',precise,,,,,,,,,,,,,,,,,,,,,,,,,,,,,,,,,,,,,,,,,,0.13093,0,0,0,0,0,0,0,0,,0,0,0,0,0,1.1385,,,0,,0.00879,,,28/05/2024,Elodie MANZANO,10',precise
20,July,2023,Kautokeino,Vaccinium myrtillus,Field - Biomass,Open,3,KA_O_VM_3,,,,13.3,x,x,"seems like 2 individuals, here is B, partly rooted, base taken at the beginningof the roots for length measurement, no fruit except for S1 Y1 B1",21,4,0,12.6,4,present,,0,3,6,0,1,,0,0,0,7,0,0,4,0,0,6,0,0,0,0,0,0,0,0,0,0,0,0,6,8,7,6,6,0,0,0,15,48,27,22,20,0,0,0,0,,0.0096,0.00503,0.00924,,,,0,0.02375,0.02208,0,0,0,0,0.0381,0,0,0,0,0,0,Elodie MANZANO,50',31/05/2024,Elodie MANZANO,10',precise,,,,,,,,,,,,,,,,,,,,,,,,,,,,,,,,,,,,,,,,,,0.06085,0,0,0,0,0,0,0,0,,0,0,0,0,0,0.30244,0,,0,0,0,,,29/05/2024,Elodie MANZANO,10',precise
20,July,2023,Kautokeino,Vaccinium myrtillus,Field - Biomass,Forested,3,KA_F_VM_3,,,,23.0,x,x,not sure what the height is ( was written in a previous empty line suppresed); very bushy sample with lot of short segments,57,23,2,23.2,11,present,,0,0,2,0,0,,0,0,0,0,0,0,0,0,0,0,0,0,0,0,0,0,0,0,0,0,0,0,2,1,0,0,0,0,0,0,7,5,0,0,0,0,0,0,0,,0.00315,0.00112,0,,,,,0,0,0,0,0,0,0.00112,0,0,0,0,0,0,Karolina Havlikova,50',31/05/2024,Elodie MANZANO,10',precise,,,,,,,,,,,,,,,,,,,,,,,,,,,,,,,,,,,,,,,,,,0.164,0,0,0,0,0,0,0,0,,0,0,0,0,0,1.7991,,,0,,0.0424,,,29/05/2024,Elodie MANZANO,10',unprecise
20,July,2023,Kautokeino,Vaccinium myrtillus,Field - Biomass,Forested,2,KA_F_VM_2,,,,18.0,X,X,"very bushy sample with lot of short segments, the longest branch was broken, I took the second longest one, even thought it had few leaves",28,11,3,14.6,8,present,,0,0,4,0,0,,0,0,0,0,0,0,0,0,0,0,0,0,0,0,0,0,0,0,0,0,0,0,4,3,0,0,0,0,0,0,6,9,0,0,0,0,0,0,0,,0.00465,0.00082,0,,,,,0,0,0,0,0,0,0.00215,0,0,,0,0,0,elodie MANZANO,40',30/05/2024,Elodie MANZANO,10',precise,,,,,,,,,,,,,,,,,,,,,,,,,,,,,,,,,,,,,,,,,,0.093,0,0,0,0,0,0,0,0,,0,0,0,0,0,0.7027,,,0,,0.0231,,,,,,
12,July,2023,Senje,Vaccinium myrtillus,Field - Biomass,Forested,5,SE_F_VM_5,,,,20.3,x,x,"1 small side branch, shorter than 5mm, attached to S2",20,3,2,19.6,5,present,,0,1,4,0,0,,0,0,0,5,0,0,0,0,0,0,0,0,0,0,0,0,0,0,0,0,0,0,4,7,5,0,0,0,0,0,18,57,0,0,0,32,0,0,0,Yes,0.03763,0.00657,,,,,,0.04211,0.01228,0.00091,0.00041,,0,0.04363,0,0,,0,0,0,elodie MANZANO,50',30/05/2024,Elodie MANZANO,10',precise,,,,,,,,,,,,,,,,,,,,,,,,,,,,,,,,,,,,,,,,,,0.18335,,,,,,,,,,,,,,,0.72644,,,0,,0.02505,,,28/05/2024,Elodie MANZANO,20',precise
12,July,2023,Senje,Vaccinium myrtillus,Field - Biomass,Forested,2,SE_F_VM_2,,,,24.8,x,x,1 flower between the fruits,47,5,1,22.8,6,present,,0,2,5,0,0,,0,0,0,5,0,0,5,0,0,0,0,0,0,0,0,0,0,0,0,0,0,0,5,7,5,5,0,0,0,0,28,44,0,0,0,23,18,0,0,NO,0.03474,0.00939,0,,,,,0.0358,0.01068,0,0,0,0,0.02323,0,0,,0,0,0,elodie MANZANO,50',30/05/2024,Elodie MANZANO,10',precise,,,,,,,,,,,,,,,,,,,,,,,,,,,,,,,,,,,,,,,,,,0.59872,0,0,0,0,0,0,0,0,,0,0,0,0,0,1.20515,,,0,,0.19352,,,28/05/2024,Elodie MANZANO,10',precise
12,July,2023,Senje,Vaccinium myrtillus,Field - Biomass,Forested,3,SE_F_VM_3,,,,29.4,x,x,"a lot of long broken branches, a lot of leaves were lost when identifying the longest branch, I took a ranch distinct from the others (see commented photo)",71,25,0,26.2,4,present,,0,0,9,0,0,,0,0,0,0,0,0,0,0,0,0,0,0,0,0,0,0,0,0,0,0,0,0,11,11,0,0,0,0,0,0,131,70,0,0,0,0,0,0,0,No,0.05412,0.11432,0,,,,,0,0,0,0,0,0,0.13566,0,0,,0,0,0,elodie MANZANO,1h,30/05/2024,Elodie MANZANO,10',precise,,,,,,,,,,,,,,,,,,,,,,,,,,,,,,,,,,,,,,,,,,0.7514,0,0,0,0,0,0,0,0,,0,0,0,0,0,2.17309,,,0,,0.03359,,,28/05/2024,Elodie MANZANO,10',precise
12,July,2023,Senje,Vaccinium myrtillus,Field - Biomass,Forested,4,SE_F_VM_4,,,,29.0,x,x,"not the longest branch, but they are side branches of a broken one. ",10,2,0,18.3,3,present,,0,2,8,0,0,,0,0,0,6,0,0,6,0,0,0,0,0,0,0,0,0,0,0,0,0,0,0,8,9,7,6,0,0,0,0,45,80,0,0,0,44,28,0,0,no,0.03849,0.01954,,,,,,0.05059,0.02712,,,,0,0.08351,0,0,,0,0,,elodie MANZANO,30',30/05/2024,Elodie MANZANO,10',precise,,,,,,,,,,,,,,,,,,,,,,,,,,,,,,,,,,,,,,,,,,0.22259,0,0,0,0,0,0,0,0,,0,0,0,0,0,0.71303,,,0,,0.02846,,,28/05/2024,Elodie MANZANO,10',precise
12,July,2023,Senje,Vaccinium myrtillus,Field - Biomass,Open,5,SE_O_VM_5,,,,14.3,x,x,,7,0,1,10.2,4,present,,0,2,3,0,0,,6,0,0,4,0,0,4,0,0,0,0,0,0,0,0,0,0,0,0,0,0,0,5,5,5,4,0,0,0,0,15,37,0,0,0,12,12,0,0,no,0.01305,0.00419,0,,,,,0.0145,0.00489,0,0,0,0.00418,0.02194,0,0,,0,0,0,Xander Duisters,40' ,30/05/2024,Elodie MANZANO,10',precise,,,,,,,,,,,,,,,,,,,,,,,,,,,,,,,,,,,,,,,,,,0.06142,0,0,0,0,0,0,0,0,,0,0,0,0,0,0.12947,,,0,,0.00516,,,28/05/2024,Elodie MANZANO,10',precise
12,July,2023,Senje,Vaccinium myrtillus,Field - Biomass,Open,3,SE_O_VM_3,,,,22.5,x,x,every leaf of the sample was a bit red,21,0,1,16,3,present,,0,4,5,0,1,,0,0,0,5,0,1,5,0,0,5,0,0,4,0,0,0,0,0,0,0,0,0,5,9,5,5,5,4,0,0,22,71,0,0,0,20,17,16,10,No,0.02004,0.00814,0.02932,,,,,0.03761,0.01736,0,0,0.02498,0,0.07105,0,0,,0,0,0,Elodie MANZANO,40',30/05/2024,Elodie MANZANO,10',precise,,,,,,,,,,,,,,,,,,,,,,,,,,,,,,,,,,,,,,,,,,0.23431,0,0,0,0,0,0,0,0,,0,0,0,0,0,0.55494,,,0,,0.08505,,,28/05/2024,Elodie MANZANO,10',precise
12,July,2023,Senje,Vaccinium myrtillus,Field - Biomass,Open,2,SE_O_VM_2,,,,17.2,x,x,"every leaf of the sample was a bit red, 1 leaf from S1 was lost in the processing",29,4,3,14.5,5,present,,0,1,3,0,1,,0,0,0,4,0,0,0,0,0,0,0,0,0,0,0,0,0,0,0,0,0,0,4,5,4,0,0,0,0,0,11,18,0,0,0,10,0,0,0,no,0.00817,0.0027,0.0101,,,,,0.0069,0.00225,0,0,0,0,0.00731,0,0,,0,0,0,elodie MANZANO,40',30/05/2024,Elodie MANZANO,10',precise,,,,,,,,,,,,,,,,,,,,,,,,,,,,,,,,,,,,,,,,,,0.17771,0,0,0,0,0,0,0,0,,0,0,0,0,0,0.53707,,,0,,0.05936,,,28/05/2024,Elodie MANZANO,10',precise
12,July,2023,Senje,Vaccinium myrtillus,Field - Biomass,Open,1,SE_O_VM_1,,,,17.0,,,,11,2,2,14.4,6,present,,0,3,7,0,1,,0,0,0,7,0,0,2,0,0,4,0,0,0,0,0,0,0,0,0,0,0,0,7,3,7,5,3,0,0,0,12,40,0,0,0,19,21,8,0,no,0.02012,0.0055,0.03472,,,,,0.02741,0.01386,0,0,0,0,0.02777,0,0,,0,0,0,Xander Duisters,45' ,30/05/2024,Elodie MANZANO,10',precise,,,,,,,,,,,,,,,,,,,,,,,,,,,,,,,,,,,,,,,,,,0.11896,0,0,0,0,0,0,0,0,,0,0,0,0,0,0.32063,,,0,,0.02049,,,28/05/2024,Elodie MANZANO,10',precise
20,July,2023,Kautokeino,Vaccinium myrtillus,Field - Biomass,Open,2,KA_O_VM_2,,,,11.5,x,,"Sample already processed before writing this line, the original one dissapeared. Length of the longest branch calculated as S1 + S2 + S3 and before identified thanks to the photo, then the length may not be totally accurate. Every measurement taken from the bags. No white photo. Total number of branches written from the original count marked on the lab paper. Original technician: Elodie, new technician: Elodie. ",22,8,3,11.8,7,present,,0,0,5,0,0,,0,0,0,0,0,0,0,0,0,0,0,0,0,0,0,0,0,0,0,0,0,0,5,5,0,0,0,0,0,0,20,14,0,0,0,0,0,0,0,no,0.02007,0.00663,0,,,,0,0,0,0,0,0,0,0.00549,0,0,0,0,0,0,elodie MANZANO,,31/05/2024,Elodie MANZANO,10',precise,,,,,,,,,,,,,,,,,,,,,,,,,,,,,,,,,,,,,,,,,,0.12939,0,0,0,0,0,0,0,0,,0,0,0,0,0,0.49249,,,0,,0.01599,,,28/05/2024,Elodie MANZANO,10',precise
27,July,2023,Lygra,Vaccinium vitis-idaea,Field - Biomass,Open,5,LY_O_VV_5,,,,9.0,x,x,,1,0,1,7.3,4,absent,absent,0,0,10,0,0,,5,0,0,0,0,0,0,0,0,0,0,0,0,0,0,0,0,0,0,0,0,0,11,12,0,0,0,0,0,0,24,22,0,0,0,0,0,0,0,no,0.05459,0.00662,,,,,,0,0,,,,0.05568,0.01075,0,0,,0,0,0,Elodie MANZANO,20',30/05/2024,Elodie MANZANO,10',precise,,S4 leaf scars hard to see,0,0,1,1,0,,1,no,0,0,0,0,0,0,,0,0,0,0,,0,,0,0,0,0,0,8,4,0,,0,0,0,10,20,0,,no,0,0,0,0,0,0,0,0,0.00466,,0,0.01093,0,0,0,0,0,0,0,0,0,Elodie MANZANO,,31/05/2024,Elodie MANZANO,10',precise
27,July,2023,Lygra,Vaccinium vitis-idaea,Field - Biomass,Open,4,LY_O_VV_4,,,,8.4,x,x,"exploded berries, no segment S1 due to berries at the top. The ""reproductive stem"" (counted as a segment) has been added to the bag ""fruits"" to make a ""reproductive structures"" bag. Initial photos have been taken, on Elodie's phone. ",1,0,0,10.5,5,present,present,0,0,0,0,0,,8,0,6,0,0,0,0,0,0,0,0,0,0,0,0,0,0,0,0,0,0,0,0,14,0,0,0,0,0,0,0,23,0,0,0,0,0,0,0,no,0,0,0,,,,,0,0,0,0,0,0.11891,0.01382,0,0.11857,,0,0,0,Elodie MANZANO,20',30/05/2024,Elodie MANZANO,10',precise,,,0,0,1,1,1,,0,no,0,0,0,0,0,0,,0,0,0,10,,0,,0,0,0,0,0,16,10,10,,0,0,0,38,12,24,,no,0,0,0,0,0,0,0,0.12816,0.03277,,0,0.01287,0.02603,0,0,0,0,0,0,0,0,Elodie MANZANO,,31/05/2024,Elodie MANZANO,10',precise
27,July,2023,Lygra,Vaccinium vitis-idaea,Field - Biomass,Open,3,LY_O_VV_3,,,,9.7,x,x,,1,0,0,7.9,4,present,present,0,0,9,0,0,,8,0,5,0,0,0,0,0,0,0,0,0,0,0,0,0,0,0,0,0,0,0,12,9,0,0,0,0,0,0,19,14,0,0,0,0,0,0,0,no,0.02745,0.00418,,,,,,0,0,,,,0.07279,0.0105,0,0.14117,,0,0,0,Elodie MANZANO,20',30/05/2024,Elodie MANZANO,10',precise,,no visible leaf scar on S4,0,0,1,1,0,,0,no,0,0,0,0,0,0,0,0,0,0,7,,0,,0,0,0,0,0,12,0,0,,0,0,0,40,10,0,,no,0,0,0,0,0,0,0,0.0926,0.04046,,0,0.01053,0,0,0,0,0,0,0,0,0,Elodie MANZANO,,31/05/2024,Elodie MANZANO,10',precise
27,July,2023,Lygra,Vaccinium vitis-idaea,Field - Biomass,Open,2,LY_O_VV_2,,,,7.4,x,x,"partly horizontal with roots, base taken at the base of the first vertical segment (see photo), leaf scrars are a bit imprecise as there were a lot concentrated near the transition S1-S2",1,0,0,7.4,2,absent,absent,0,0,13,0,0,,0,0,0,0,0,0,0,0,0,0,0,0,0,0,0,0,0,0,0,0,0,0,20,10,0,0,0,0,0,0,34,30,0,0,0,0,0,0,0,no,0.08357,0.01974,,,,,,0,0,,,,0,0.01926,0,0,,0,0,0,Elodie MANZANO,30',30/05/2024,Elodie MANZANO,10',precise,,nothing except roots that were horizontal on the orignial sample,0,0,0,0,0,,0,yes,0,0,0,0,0,0,,0,0,0,0,,0,,0,0,0,0,0,0,0,0,,0,0,0,0,0,0,,no,0,0,0,0,0,0,0,0,0,,0,0,0,0,0.04043,0,0,0,0,0,0,Elodie MANZANO,,31/05/2024,Elodie MANZANO,10',precise
27,July,2023,Lygra,Vaccinium vitis-idaea,Field - Biomass,Open,1,LY_O_VV_1,,,,8.0,x,x,"accidentaly S1+S2 chopped before measuring length values measured separately and added, 1 S2 leaf partly eaten by an insect",2,0,0,9.3,4,absent,absent,0,0,9,0,0,,9,0,0,0,0,0,0,0,0,0,0,0,0,0,0,0,0,0,0,0,0,0,11,13,0,0,0,0,0,0,23,26,0,0,0,0,0,0,0,no,0.04109,0.00622,0,,,,,0,0,0,0,0,0.06927,0.01159,0,0,,0,0,0,Elodie MANZANO,20',,,,,,"S3 is composed of 2 parts: S3 of the processed biomass (9 scars, 30mm) which is attached to the S3 of the other main branch (13 scars, 24mm) (see photo), both are considered S3, S2 is a bit eatten so it may miss 1 leaf scar (photo)",1,1,2,0,0,,0,no,7,0,0,0,0,0,,0,0,0,1,,0,,0,0,11,12,0,22,0,0,,17,20,0,54,0,0,,no,0.05507,0.00541,0,0.01013,0,0,0,0.00548,0.03579,,0,0,0,0,0,0,0,0,0,0,0,Elodie MANZANO,,31/05/2024,Elodie MANZANO,10',precise
12,July,2023,Senje,Vaccinium vitis-idaea,Field - Biomass,Open,1,SE_O_VV_1,,,,23.2,x,x,"rooted part with several stems, 3 of which have leaves, other are broken (base taken as the intersection between the stem and the rooted part, see photo)",9,6,3,24.1,6,,,0,0,12,0,0,,11,0,0,0,0,0,0,0,0,0,0,0,0,0,0,0,0,0,0,0,0,0,12,14,0,0,0,0,0,0,31,29,0,0,0,0,0,0,0,no,0.08952,0.0087,0,,,,,0,0,0,0,0,0.14142,0.0169,0,0,,0,0,0,Elodie MANZANO,30',,,,,,"several broken branches taken in a bag ""broken branches"", and the long horizontal part that seems to be rooted is taken in the ""remaining roots bag"", 1 broken branch with leaves, supposed to be S1 due to the thickness of the stem and the red colour of the leaves, hard to count the leaf scars on S6 so the value is a bit unsure, S1 and S2 leaves seem dead, had to cut the rooted part in 2 pieces to weigh it",1,2,3,2,2,2,6,yes,4,0,0,9,0,0,yes,0,0,0,15,,3,,0,0,10,25,0,28,29,21,11,33,70,0,101,103,94,69,no,0.01969,0.00887,0.13157,0.03282,0.00459,0,0,0.20848,0.07707,,0.08635,0.10895,0.12016,0.06633,0.38628,0,0,0.36622,0,0,0,Elodie MANZANO,,29/05/2024,Elodie MANZANO,20',precise
12,July,2023,Senje,Vaccinium vitis-idaea,Field - Biomass,Open,2,SE_O_VV_2,,,,14.5,x,x,"no S1 due to flowers, adventitious roots at the base, base taken where roots start (see photo)",1,0,0,16.4,6,present,present,0,0,0,0,0,,12,0,0,0,0,0,0,0,0,0,0,0,0,0,0,0,0,0,0,0,0,0,0,14,0,0,0,0,0,0,0,35,0,0,0,0,0,0,0,no,0,0,,,,,,0,0,,,,0.17588,0.01791,0,0.01014,,0,0,0,Elodie MANZANO,20',29/05/2024,Elodie MANZANO,10',precise,,,0,0,1,1,1,,0,yes,0,0,0,0,0,0,0,0,0,0,11,,6,,0,0,0,0,0,14,13,7,6,0,0,0,37,40,22,28,no,0,0,0,0,0,0,0,0.14523,0.03059,0,0.06366,0.04169,0.02588,0.02761,0.01351,0,0,0,0,0,0,Elodie MANZANO,,31/05/2024,Elodie MANZANO,10',precise
12,July,2023,Senje,Vaccinium vitis-idaea,Field - Biomass,Open,3,SE_O_VV_3,,,,12.5,x,x,"leaves from S2 and S3 accidentally mixtes, identified and separated thanks to the photo",1,0,0,19.5,6,absent,absent,0,0,11,0,0,,8,0,0,0,0,0,0,0,0,0,0,0,0,0,0,0,0,0,0,0,0,0,12,13,0,0,0,0,0,0,19,25,0,0,0,0,0,0,0,no,0.03984,0.00366,0,,,,,0,0,0,0,0,0.07956,0.01185,0,0,,0,0,0,Elodie MANZANO,20',30/05/2024,Elodie MANZANO,10',precise,,,0,0,1,1,1,1,0,no,0,0,0,0,0,0,0,0,0,0,6,,1,,0,0,0,0,0,12,11,12,10,0,0,0,25,32,32,61,no,0,0,0,0,0,0,0,0.06576,0.01702,,0.02039,0.02774,0.03256,0.05875,0,0,0,0,0,0,0,Elodie MANZANO,,31/05/2024,Elodie MANZANO,10',precise
12,July,2023,Senje,Vaccinium vitis-idaea,Field - Biomass,Open,4,SE_O_VV_4,,,,11.6,x,x,,1,0,0,13.6,4,absent,absent,0,0,10,0,0,,5,2,0,0,0,0,0,0,0,0,0,0,0,0,0,0,0,0,0,0,0,0,12,11,0,0,0,0,0,0,42,32,0,0,0,0,0,0,0,no,0.05564,0.1247,,,,,,0,0,,,,0.03051,0.01424,0.01366,0,,0,0,0,Elodie MANZANO,20',30/05/2024,Elodie MANZANO,10',precise,,S4 leaf scars are invisible,0,0,1,1,0,0,0,no,0,0,0,0,0,0,0,0,0,0,0,,0,,0,0,0,0,0,7,0,0,0,0,0,0,28,31,0,0,no,0,0,0,0,0,0,0,0,0.01408,,0,0.01316,0,0,0,0,0,0,0,0,0,Elodie MANZANO,,31/05/2024,Elodie MANZANO,10',precise
12,July,2023,Senje,Vaccinium vitis-idaea,Field - Biomass,Open,5,SE_O_VV_5,,,,11.0,x,x,,1,0,0,9.9,4,absent,absent,0,0,10,0,0,,7,0,0,0,0,0,0,0,0,0,0,0,0,0,0,0,0,0,0,0,0,0,10,11,0,0,0,0,0,0,18,25,0,0,0,0,0,0,0,no,0.0295,0.00375,0,,,,,0,0,0,0,0,0.05166,0.01093,0,0,,0,0,0,Elodie MANZANO,,30/05/2024,Elodie MANZANO,10',precise,,"1 dead leaf on S3, measured as dead leaf",0,0,1,1,0,0,0,no,0,0,0,0,0,0,0,0,0,0,0,1,0,,0,0,0,0,0,8,8,0,0,0,0,0,28,30,0,0,no,0,0,0,0,0,0,0,0,0.01592,,0,0.01923,0,0,0,0,0,0,0,0.00716,0,Elodie MANZANO,,31/05/2024,Elodie MANZANO,10',precise
12,July,2023,Senje,Vaccinium vitis-idaea,Field - Biomass,Forested,1,SE_F_VV_1,,,,16.0,x,x,2 S1 leaves are partly eaten,3,0,0,17.4,4,absent,absent,0,0,10,0,0,,10,0,0,0,0,0,0,0,0,0,0,0,0,0,0,0,0,0,0,0,0,0,13,13,0,0,0,0,0,0,29,42,0,0,0,0,0,0,0,no,0.04981,0.00806,,,,,,0,0,,,,0.10251,0.02182,,0,,0,0,0,Elodie MANZANO,,,,,,,"5 S1 leaves partly / almost totally eaten, reproductive structure on S3 which never grew up",2,1,1,1,0,0,0,no,12,0,0,8,0,0,yes,0,0,0,8,0,2,,0,0,27,11,0,14,12,0,0,78,32,0,45,59,0,0,no,0.03834,0.0217,0.05829,0.01331,0,0,0,0.11023,0.0416,0.00231,0.02695,0.06415,0,0,0,0,0,0,0,0,0,Elodie MANZANO,,31/05/2024,Elodie MANZANO,10',precise
12,July,2023,Senje,Vaccinium vitis-idaea,Field - Biomass,Forested,3,SE_F_VV_3,,,,13.5,x,x,,4,2,0,13.6,5,absent,absent,0,1,10,0,0,,3,0,0,10,0,0,0,0,0,0,0,0,0,0,0,0,0,0,0,0,0,0,13,6,12,0,0,0,0,0,27,17,0,0,0,29,0,0,0,no,0.04949,0.00647,0,,,,,0.05076,0.00701,0,0,0,0.03289,0.01001,0,0,,0,0,0,Elodie MANZANO,,30/05/2024,Elodie MANZANO,10',precise,,"S5 is broken in the middle, S4 is a side branch of S5, broken also at the top, see photo. S4 leaf is dead and then measured as dead leaf",0,0,1,1,1,0,1,no,0,0,0,0,0,0,no,0,0,0,6,0,0,1,0,0,0,0,0,10,4,3,0,0,0,0,46,34,27,0,no,0,0,0,0,0,0,0,0.04551,0.02757,,0,0.02199,0.0216,0,0,0,0,0.00273,0,0.00237,0,Elodie MANZANO,,31/05/2024,Elodie MANZANO,10',precise
12,July,2023,Senje,Vaccinium vitis-idaea,Field - Biomass,Forested,2,SE_F_VV_2,,,,14.4,x,x,"seems like 3 individuals, one of which is just a broken dead stem (called C), here is A, the processed stem is brown, has lost a lot of leaves in S2",3,1,0,18.5,6,absent,absent,0,0,10,0,0,,2,0,0,0,0,0,0,0,0,0,0,0,0,0,0,0,0,0,0,0,0,0,11,15,0,0,0,0,0,0,11,18,0,0,0,0,0,0,0,no,0.03923,0.0031,0,,,,,0,0,0,0,0,0.01687,0.00915,0,0,,0,0,0,Elodie MANZANO,,,,,,,"S6 leaf scars are difficult to count, probably underestimated",2,2,3,3,1,1,1,no,26,0,0,28,0,0,no,0,0,0,20,0,5,0,0,0,29,34,0,48,39,11,8,59,54,0,92,101,39,54,no,0.23556,0.0209,0.34022,0.0338,0,0,0,0.23169,0.07469,,0.03409,0.09675,0.04999,0.11039,0,0,0,0,0,0,0,Elodie MANZANO,,31/05/2024,Elodie MANZANO,10',precise
12,July,2023,Senje,Vaccinium vitis-idaea,Field - Biomass,Forested,2,SE_F_VV_2,,,,14.4,x,x,"seems like 3 individuals, one of which is just a broken dead stem (called C), here is B",1,0,0,7.3,1,absent,absent,0,0,7,0,0,,0,0,0,0,0,0,0,0,0,0,0,0,0,0,0,0,0,0,0,0,0,0,22,0,0,0,0,0,0,0,73,0,0,0,0,0,0,0,0,no,0.03921,0.02502,0,,,,,0,0,0,0,0,0,0,0,0,,0,0,0,Elodie MANZANO,,30/05/2024,Elodie MANZANO,10',precise,,no remaining stuff,0,0,0,0,0,0,0,0,0,0,0,0,0,0,no,0,0,0,0,0,0,0,0,0,0,0,0,0,0,0,0,0,0,0,0,0,0,0,no,,,,,,,,,,,,,,,,,,,,,,Elodie MANZANO,,,,,
12,July,2023,Senje,Vaccinium vitis-idaea,Field - Biomass,Forested,2,SE_F_VV_2,,,,14.4,x,x,"seems like 3 individuals, one of which is just a broken dead stem (called C), here is C",1,1,0,11.7,5,absent,absent,0,0,0,0,0,,0,0,0,0,0,0,0,0,0,0,0,0,0,0,0,0,0,0,0,0,0,0,0,0,0,0,0,0,0,0,0,0,0,0,0,0,0,0,0,no,,,,,,,,,,,,,,,,,,,,,Elodie MANZANO,,,,,,,"broken branch, not entirely sure that it is from A",0,0,0,0,0,0,1,no,0,0,0,0,0,0,no,0,0,0,0,0,0,0,0,0,0,0,0,0,0,0,0,0,0,0,0,0,0,0,no,0,0,0,0,0,0,0,0,0,,0,0,0,0,0,0,0,0.09335,0,0,0,Elodie MANZANO,,31/05/2024,Elodie MANZANO,10',precise
12,July,2023,Senje,Vaccinium vitis-idaea,Field - Biomass,Forested,4,SE_F_VV_4,,,,13.1,x,x,,4,1,0,16.5,6,absent,absent,0,0,10,0,0,,8,0,0,0,0,0,0,0,0,0,0,0,0,0,0,0,0,0,0,0,0,0,14,11,0,0,0,0,0,0,29,12,0,0,0,0,0,0,0,no,0.06949,0.00861,0,,,,,0,0,0,0,0,0.03073,0.00525,0,0,,0,0,0,Elodie MANZANO,,,,,,,,2,2,2,2,1,1,1,no,18,0,0,12,0,0,no,0,0,0,10,0,9,0,0,0,23,23,0,28,28,13,6,37,26,0,47,76,35,14,no,0.07588,0.00952,0.05993,0.01027,0,0,0,0.13693,0.03345,,0.09857,0.06226,0.0361,0.02323,0,0,0,0,0,0,0,Elodie MANZANO,,31/05/2024,Elodie MANZANO,10',precise
12,July,2023,Senje,Vaccinium vitis-idaea,Field - Biomass,Forested,5,SE_F_VV_5,,,,18.9,x,x,"seems like 2 individuals, but in fact it is one individual with a broken branch, see photo",3,0,0,18.5,4,absent,absent,0,1,14,0,0,,13,0,0,12,0,0,0,0,0,0,0,0,0,0,0,0,0,0,0,0,0,0,18,19,13,0,0,0,0,0,43,54,0,0,0,28,0,0,0,no,0.1458,0.02146,0,,,,,0.04462,0.00798,0,0,0,0.20488,0.05273,0,0,,0,0,0,Elodie MANZANO,,30/05/2024,Elodie MANZANO,10',precise,,"S5 broken into 2 pieces, the processed part had its S3 attached to the S5 of the entire sample, S2 is actually broken at the top, S5 leaf scars are not visible",1,1,2,1,1,0,0,no,8,0,0,9,0,0,0,0,0,0,8,0,0,0,0,0,10,16,0,31,12,0,0,15,35,0,90,33,40,0,no,0.04816,0.00567,0.09024,0.02229,0,0,0,0.08497,0.09564,,0,0.02853,0.04738,0,0,0,0,0,0,0,0,Elodie MANZANO,,31/05/2024,Elodie MANZANO,10',precise
20,July,2023,Kautokeino,Vaccinium vitis-idaea,Field - Biomass,Forested,3,KA_F_VV_3,,,,18.0,X,X,"S2 is ended by a reproductive bud, 2 S1 side branches, one of them is taken as the main S1",2,0,0,18.1,4,absent,present,0,1,10,0,0,,12,0,0,9,0,0,0,0,0,0,0,0,0,0,0,0,0,0,0,0,0,0,14,16,13,0,0,0,0,0,32,68,0,0,0,22,0,0,0,no,0.08382,0.01223,0,,,,,0.03617,0.00561,0,0,0,0.37187,0.06361,0,0.00107,0,0,0,0,Elodie MANZANO,,31/05/2024,Elodie MANZANO,10',precise,,,0,0,1,1,0,0,0,no,0,0,0,0,0,0,0,0,0,0,1,0,0,0,0,0,0,0,0,14,8,0,0,0,0,0,60,27,0,0,no,0,0,0,0,0,0,0,0.00137,0.0752,,0,0.03521,0,0,0,0,0,0,0,0,0,Elodie MANZANO,,31/05/2024,Elodie MANZANO,10',precise
20,July,2023,Kautokeino,Vaccinium vitis-idaea,Field - Biomass,Open,2,KA_O_VV_2,,,,10.0,x,x,,4,1,1,17.8,4,absent,absent,0,0,12,0,0,,11,0,0,0,0,0,0,0,0,0,0,0,0,0,0,0,0,0,0,0,0,0,14,12,0,0,0,0,0,0,25,24,0,0,0,0,0,0,0,no,0.05723,0.00592,0,,,,,0,0,0,0,0,0.06925,0.00965,0,0,0,0,0,0,Elodie MANZANO,,31/05/2024,Elodie MANZANO,10',precise,,"S4 has some roots, S4 leaf scars are not visible, 1 tiny leaf lost when processing",2,2,1,1,0,0,0,yes,20,0,0,19,0,0,no,0,0,0,6,0,0,0,0,1,23,24,0,12,0,0,0,41,46,0,55,79,0,0,no,0.08956,0.00874,0.10176,0.01714,0,0,0,0.05783,0.04952,,0,0.04192,0,0,0,0,0,,0,0,0,Elodie MANZANO,,29/05/2024,Elodie MANZANO,10',precise
20,July,2023,Kautokeino,Vaccinium vitis-idaea,Field - Biomass,Forested,2,KA_F_VV_2,,,,13.5,,,reproductive bud which is part of S1,2,0,0,19.3,,absent,present,0,0,6,0,0,yes,6,0,0,0,0,0,0,0,0,0,0,0,0,0,0,0,0,0,0,0,0,0,11,11,0,0,0,0,0,0,30,26,0,0,0,0,0,0,0,no,0.07377,0.00939,0,,,,0.0033,0,0,0,0,0,0.0728,0.0116,0,0,0,0,0,0,Elodie MANZANO,,31/05/2024,Elodie MANZANO,10',precise,,,1,1,2,1,1,0,0,no,12,0,0,10,0,0,no,0,0,0,9,0,7,0,0,1,14,16,0,23,12,7,0,28,68,0,81,53,43,0,no,0.07848,0.00954,0.22361,0.05663,0,0,0,0.12427,0.07478,,0.14499,0.04484,0.04741,0,0,0,0,0,0.00779,0,0,Elodie MANZANO,,31/05/2024,Elodie MANZANO,10',precise
20,July,2023,Kautokeino,Vaccinium vitis-idaea,Field - Biomass,Forested,5,KA_F_VV_5,,,,17.0,x,x,,2,0,0,14.1,3,absent,absent,0,1,10,0,0,no,10,0,0,9,0,0,0,0,0,0,0,0,0,0,0,0,0,0,0,0,0,0,13,15,10,0,0,0,0,0,31,57,0,0,0,23,0,0,0,no,0.07513,0.01038,0,,,,,0.03512,0.00528,0,0,0,0.16191,0.04402,0,0,,0,0,0,Elodie MANZANO,,30/05/2024,Elodie MANZANO,10',precise,,,0,0,1,0,0,0,0,no,0,0,0,0,0,0,0,0,0,0,2,0,0,0,0,0,0,0,0,11,0,0,0,0,0,0,50,0,0,0,no,0,0,0,0,0,0,0,0.0096,0.04793,0,0,0,0,0,0,0,0,0,0,0,0,Elodie MANZANO,,31/05/2024,Elodie MANZANO,10',precise
20,July,2023,Kautokeino,Vaccinium vitis-idaea,Field - Biomass,Forested,1,KA_F_VV_1,,,,14.6,x,x,,1,0,0,14.8,4,absent ,absent,0,0,9,0,0,no,6,0,0,0,0,0,0,0,0,0,0,0,0,0,0,0,0,0,0,0,0,0,13,14,0,0,0,0,0,0,25,45,0,0,0,0,0,0,0,no,0.06366,0.00713,0,,,,,0,0,0,0,0,0.09836,0.02521,0,0,,0,0,0,Elodie MANZANO,,30/05/2024,Elodie MANZANO,10',precise,,,0,0,1,1,0,0,0,no,0,0,0,0,0,0,no,0,0,0,1,0,0,0,0,0,0,0,0,13,6,0,0,0,0,0,45,34,0,0,no,0,0,0,0,0,0,0,0.0128,0.03881,,0,0.03345,0,0,0,0,0,,0,0,0,Elodie MANZANO,,29/05/2024,Elodie MANZANO,10',precise
20,July,2023,Kautokeino,Vaccinium vitis-idaea,Field - Biomass,Forested,4,KA_F_VV_4,,,,15.9,x,x,,1,0,0,13.2,3,absent,absent,0,0,11,0,0,no,10,0,0,0,0,0,0,0,0,0,0,0,0,0,0,0,0,0,0,0,0,0,15,15,0,0,0,0,0,0,25,62,0,0,0,0,0,0,0,no,0.03989,0.00646,0,,,,,0,0,0,0,0,0.14376,0.03869,,,,,,,Elodie MANZANO,,,,,,,,0,0,1,0,0,0,0,no,0,0,0,0,0,0,no,0,0,0,0,0,0,0,0,0,0,0,0,14,0,0,0,0,0,0,47,0,0,0,no,0,0,0,0,0,0,0,0,0.03393,,0,0,0,0,0,0,0,0,0,0,0,Elodie MANZANO,,31/05/2024,Elodie MANZANO,10',precise
20,July,2023,Kautokeino,Vaccinium vitis-idaea,Field - Biomass,Open,4,KA_O_VV_4,,,,7.0,x,x,"Length forgot to be noted, calculated as the sum of S1 + S2 + S3 length",1,0,0,6.7,3,absent,absent,0,0,10,0,0,no,8,0,0,0,0,0,0,0,0,0,0,0,0,0,0,0,0,0,0,0,0,0,13,14,0,0,0,0,0,0,13,26,0,0,0,0,0,0,0,no,0.05324,0.00439,0,,,,,0,0,0,0,0,0.06882,0.018,0,0,,0,0,0,Elodie MANZANO,,30/05/2024,Elodie MANZANO,10',precise,,"roots on the horizontal part, S3 is cut at the begining of this rooted part",0,0,1,0,0,0,0,yes,0,0,0,0,0,0,no,0,0,0,0,0,0,0,0,0,0,0,0,10,0,0,0,0,0,0,28,0,0,0,no,0,0,0,0,0,0,0,0,0.01913,0,0,0,0,0,0.01617,0,0,0,0,0,0,Elodie MANZANO,,31/05/2024,Elodie MANZANO,10',precise
20,July,2023,Kautokeino,Vaccinium vitis-idaea,Field - Biomass,Open,5,KA_O_VV_5,,,,10.4,x,x,S1 is a side branch attached to S2 as S2 seems ended by a reproductive bud,3,0,0,12.1,5,absent,present,0,0,11,0,0,no,14,0,0,0,0,0,0,0,0,0,0,0,0,0,0,0,0,0,0,0,0,0,13,12,0,0,0,0,0,0,18,20,0,0,0,0,0,0,0,no,0.05226,0.00462,0,,,,,0,0,0,0,0,0.12768,0.01098,0,0.0007,,0,0,0,Elodie MANZANO,,30/05/2024,Elodie MANZANO,10',precise,,S5 leaf scars not visible,2,2,1,1,1,0,0,no,19,0,0,16,0,0,no,0,0,0,3,0,2,0,0,0,23,23,0,15,12,0,0,33,32,0,33,33,21,0,no,0.08881,0.00959,0.08024,0.01273,0,0,0,0.02509,0.029,0,0.03316,0.03909,0.01749,0,0,0,0,0,0,0,0,Elodie MANZANO,,31/05/2024,Elodie MANZANO,10',precise
20,July,2023,Kautokeino,Vaccinium vitis-idaea,Field - Biomass,Open,3,KA_O_VV_3,,,,11.3,x,x,,2,0,1,11.9,4,absent,absent,0,0,13,0,0,no,11,0,0,0,0,0,0,0,0,0,0,0,0,0,0,0,0,0,0,0,0,0,13,13,0,0,0,0,0,0,19,26,0,0,0,0,0,0,0,no,0.05171,0.00463,0,,,,,0,0,0,0,0,0.12822,0.01446,0,0,,0,0,0,Elodie MANZANO,,30/05/2024,Elodie MANZANO,10',precise,,S3 is broken at the top,1,1,1,1,0,0,1,no,16,0,0,8,0,0,0,0,0,0,11,0,2,0,0,1,16,13,0,13,10,0,0,20,26,0,36,41,0,0,no,0.06655,0.00551,0.08997,0.01408,0,0,0,0.11661,0.03742,,0.00695,0.04329,0,0,0,0,0,,0.00159,0,0,Elodie MANZANO,,29/05/2024,Elodie MANZANO,10',precise
20,July,2023,Kautokeino,Vaccinium vitis-idaea,Field - Biomass,Open,1,KA_O_VV_1,,,,10.9,x,x,,5,3,0,16.2,5,absent,absent,0,0,12,0,0,no,7,0,0,0,0,0,0,0,0,0,0,0,0,0,0,0,0,0,0,0,0,0,14,8,0,0,0,0,0,0,23,11,0,0,0,0,0,0,0,no,0.07155,0.00654,0,,,,,0,0,0,0,0,0.04594,0.00498,0,0,,0,0,0,Elodie MANZANO,,30/05/2024,Elodie MANZANO,10',precise,,"1 dead leaf attached to a dead branch, S5's top is supposed to be at the intersection with S4, then the dead branches are chopped of, S3 is broken at the top, it has a side branch which is S1, S5 leaf scars not visible",1,0,1,1,1,0,3,no,13,0,0,0,0,0,0,0,0,0,6,0,3,0,0,0,14,0,0,10,14,0,0,21,0,0,18,42,52,0,no,0.0468,0.0058,0,0,0,0,0,0.0825,0.0164,,0.0187,0.0357,0.0587,0,0,0,0.0755,,0,0.0083,0,Elodie MANZANO,,29/05/2024,Elodie MANZANO,20',unprecise